"","Original.address","Latitutde","Longitude"
"1","5700 S. Maryland ",41.7910678,-87.6049507
"2","5815 S. Maryland ",41.7892116,-87.6040662
"3","6031 S. Ellis ",41.7850698,-87.6003337
"4","901 E. 58th St. ",41.7895211,-87.6042491
"5","6054 S. Drexel",41.7846534,-87.6048595
"6","5758 S. Maryland ",41.7901233,-87.6055479
"7","5530 S. Ellis ",41.794474,-87.6016284
"8","1100 E. 57th St. ",41.7922117,-87.5995726
"9","850 E. 61st St. ",41.7846191,-87.6052002
"10","1414 E. 59th St. ",41.7882484,-87.5909839
"11","5721 S. Maryland ",41.7901841,-87.6045875
"12","5500 S. University ",41.7948242,-87.5975921
"13","970 E. 58th St. ",41.7897444,-87.6015497
"14","1005 E. 60th St. ",41.7854005,-87.6002883
"15","5640 S. University ",41.7919788,-87.5983645
"16","1101 E. 56th St. ",41.7929725,-87.5999293
"17","6054 S. Drexel ",41.7846534,-87.6048595
"18","915 E. 60th St. ",41.7850467,-87.6034787
"19","929 E. 57th St. ",41.7911308,-87.6027497
"20","5730 S. Drexel ",41.7903948,-87.6038772
"21","5550 S. University ",41.7935817,-87.5989699
"22","5706 S. University ",41.7912712,-87.5981928
"23","1116 E. 59th St. ",41.7879664,-87.5995364
"24","5840 S. Maryland ",41.7888793,-87.6049986
"25","1212 E. 59th St. ",41.7880686,-87.5956212
"26","5807 S. Woodlawn ",41.7891369,-87.5954551
"27","5505 S. Ellis ",41.794575,-87.601637
"28","5555 S. Woodlawn ",41.7935134,-87.5960709
"29","5630 S. University ",41.7927938,-87.5984305
"30","924 E. 57th St. ",41.7919425,-87.6028399
"31","5811 S. Ellis ",41.7889661,-87.6009319
"32","1362 E. 59th St. ",41.7880278,-87.5939404
"33","860 E. 59th St. ",41.7878852,-87.6041299
"34","1111 E. 60th St. ",41.7851676,-87.5985919
"35","5801 S. Ellis ",41.7895762,-87.6009324
"36","5730 S. Ellis ",41.790225,-87.602556
"37","1100 E. 58th St. ",41.7901748,-87.5991412
"38","900 E. 57th St. ",41.7916469,-87.6034081
"39","950 E. 59th St. ",41.7878636,-87.6021173
"40","5625 S. Ellis ",41.7929823,-87.6010032
"41","5640 S. Ellis ",41.7920395,-87.6017426
"42","5800 S. Stony Island ",41.7896629,-87.5873315
"43","5812 S. Ellis ",41.7891768,-87.6019508
"44","5841 S. Maryland ",41.7883128,-87.6045656
"45","5656 S. Maryland ",41.791573,-87.605226
"46","1155 E. 60th St. ",41.785371,-87.5970764
"47","1307 E. 60th St. ",41.7856991,-87.5939369
"48","5835 S. Greenwood ",41.7884006,-87.5990993
"49","850 E. 61st St.",41.7846191,-87.6052002
"50","1009 E. 57th St. ",41.7910784,-87.6005453
"51","1155 E. 57th St. ",41.791235,-87.597702
"52","5823 S. Kenwood ",41.7894411,-87.5928086
"53","1101 E. 58th St. ",41.7889722,-87.5992628
"54","1131 E. 57th St. ",41.791237,-87.5982604
"55","5735 S. Ellis ",41.7904919,-87.6009826
"56","5800 S. Greenwood ",41.7932161,-87.5998069
"57","821 E. 55th St. ",41.7949629,-87.6056934
"58","1020 E. 58th St. ",41.7900088,-87.60021
"59","1155 E. 58th St. ",41.7892417,-87.5974905
"60","5639 S. University ",41.792015,-87.597722
"61","800 E. 55th St. ",41.7955712,-87.6056858
"62","1050 E. 59th St. ",41.788697,-87.6006031
"63","1118 E. 58th St. ",41.7895621,-87.601259
"64","5709 S. Ellis ",41.7909811,-87.6011781
"65","5757 S. University ",41.7899183,-87.5973411
"66","5848 S. University ",41.788274,-87.598276
"67","6025 S. Ellis ",41.7853228,-87.6006607
"68","920 E. 58th St. ",41.7898637,-87.6027667
"69","1010 E. 59th St. ",41.7879118,-87.6008291
"70","5555 S. Ellis ",41.793465,-87.601631
"71","5700 S. Stony Island ",41.7879717,-87.5866324
"72","5840 S. Kenwood ",41.7895817,-87.5931752
"73","6045 S. Kenwood",41.7847535,-87.592671
"74","6300 S. University ",41.7804242,-87.5972999
"75","1025 E. 58th St. ",41.789113,-87.600152
"76","1101 E. 57th St. ",41.7912614,-87.5992075
"77","1126 E. 59th St. ",41.7880092,-87.5987709
"78","1427 E. 60th St. ",41.7857443,-87.5902956
"79","5720 S. Ellis ",41.7910228,-87.6015292
"80","5747 S. Ellis ",41.7901516,-87.6010282
"81","5751 S. Woodlawn ",41.7901437,-87.5960615
"82","5835 S. Kimbark ",41.7886075,-87.5937902
"83","6045 S. Kenwood ",41.7847535,-87.592671
"84","901 E. 58th St.",41.7895211,-87.6042491
"85","969 E. 60th St. ",41.7855187,-87.601897
"86","1100 E. 57th St.",41.7922117,-87.5995726
"87","5225 S. Cottage Grove ",41.7994931,-87.6062511
"88","5700 S. Ellis ",41.7913661,-87.6013016
"89","5800 S. Stony Island",41.7896629,-87.5873315
"90","5828 S. University ",41.7889561,-87.5982904
"91","5850 S. Woodlawn ",41.7885418,-87.5970458
"92","5900 S. Woodlawn",41.7878702,-87.5963772
"93","947 E. 58th St. ",41.7893783,-87.6025521
"94","1115 E. 58th St. ",41.7889345,-87.599158
"95","5445 S. Ingleside ",41.7967483,-87.6022442
"96","5482 S. Greenwood ",41.7956081,-87.6000492
"97","5555 S. Woodlawn",41.7935134,-87.5960709
"98","5625 S. University ",41.7924259,-87.5977358
"99","5700 S. University ",41.7914067,-87.5980738
"100","5714 S. Woodlawn ",41.790866,-87.596749
"101","5747 S. University ",41.7901006,-87.5977117
"102","5845 S. Ellis ",41.788344,-87.6009032
"103","6000 S. Drexel ",41.7858787,-87.6044278
"104","6030 S. Ellis ",41.7848153,-87.6015981
"105","940 E. 57th St. ",41.7915946,-87.6022845
"106","1101 E. 56th St.",41.7929725,-87.5999293
"107","1130 E. 59th St. ",41.7879395,-87.5981944
"108","1228 E. 53rd St. ",41.7997745,-87.5946818
"109","1407 E. 60th St. ",41.785686,-87.5910433
"110","1442 E. 59th St. ",41.7881017,-87.5898196
"111","5050 S. Lake Shore Dr.",41.803257,-87.5848411
"112","5400 S. Woodlawn",41.797814,-87.596811
"113","5500 S. Woodlawn",41.7948792,-87.5969548
"114","5525 S. Ellis ",41.794038,-87.601635
"115","5540 S. Hyde Park ",41.794176,-87.584199
"116","5800 S. Ellis ",41.7894883,-87.6012575
"117","5839 S. Maryland ",41.7885151,-87.6040574
"118","6000 S. Ellis ",41.7853698,-87.6011668
"119","850 E. 58th St. ",41.7896827,-87.6040502
"120","933 E. 56th St. ",41.7929832,-87.6025112
"121","1029 E. 57th St. ",41.7911998,-87.5999233
"122","1155 E. 60th St.",41.785371,-87.5970764
"123","1355 E. 53rd St. ",41.799484,-87.5925456
"124","1452 E. 53rd St. ",41.7997257,-87.5896855
"125","5300 S. Dorchester ",41.79931,-87.5919614
"126","5300 S. Harper",41.7994184,-87.5844536
"127","5316 S. Dorchester ",41.7987741,-87.591988
"128","5345 S. Harper ",41.7982542,-87.5888163
"129","5535 S. Ellis ",41.7939859,-87.6008615
"130","5550 S. Greenwood ",41.7934642,-87.6002004
"131","5601 S. Cottage Grove ",41.7929465,-87.6056137
"132","5608 S. Stony Island",41.792869,-87.5868373
"133","5610 S. Drexel ",41.7928524,-87.6040807
"134","5630 S. Ellis ",41.7925498,-87.6020427
"135","5700 S. Drexel ",41.7913587,-87.6037279
"136","5700 S. University",41.7914067,-87.5980738
"137","5700 S. Woodlawn ",41.7912883,-87.5968463
"138","5801 S. Dorchester ",41.7895239,-87.5909773
"139","5824 S. Stony Island ",41.789451,-87.587352
"140","5838 S. Kenwood ",41.7895847,-87.5931753
"141","5900 S. Stony Island",41.7863782,-87.5865918
"142","6000 S. Drexel",41.7858787,-87.6044278
"143","6019 S. Ingleside",41.7852751,-87.6021507
"144","6022 S. Drexel ",41.7853843,-87.6048799
"145","6420 S. University ",41.7785315,-87.5980675
"146","950 E. 61st St. ",41.784479,-87.6023214
"147","951 E. 58th St. ",41.7894277,-87.602471
"148","Unknown",NA,NA
"149","1000 E. Midway Pl.",41.7864747,-87.5989062
"150","1010 E. 59th St.",41.7879118,-87.6008291
"151","1100 E.57th St. ",41.7922117,-87.5995726
"152","1130 E. Midway Pl.",41.7868227,-87.5989132
"153","1144 E. 59th St. ",41.7877673,-87.5979953
"154","1150 E. 58th St. ",41.7896074,-87.5963982
"155","1346 E. 53rd St.",41.799808,-87.5937112
"156","1346 E. 53rd St. ",41.799808,-87.5937112
"157","1369 E. Hyde Park ",41.8021497,-87.5924144
"158","1400 E. Midway Pl.",41.7864747,-87.5989062
"159","1427 E. 60th St.",41.7857443,-87.5902956
"160","1453 E. 53rd St.",41.799292,-87.5897063
"161","1526 E. 55th St. ",41.7961907,-87.5885461
"162","1539 E. 53rd St.",41.7991982,-87.5875427
"163","1554 E. 55th St. ",41.7954837,-87.5881602
"164","1600 E. Midway Pl.",41.7864747,-87.5989062
"165","5020 S. Cornell ",41.8033751,-87.5867708
"166","5048 S. Cornell ",41.8027818,-87.5867688
"167","5107 S. Blackstone ",41.8021802,-87.590337
"168","5110 S. Kenwood ",41.801992,-87.593968
"169","5200 S. Lake Park",41.8008584,-87.5880251
"170","5235 S. Harper ",41.8000045,-87.5877278
"171","5238 S. Harper ",41.7998748,-87.589479
"172","5300 S. Drexel",41.7984208,-87.6042503
"173","5300 S. Ingleside",41.7993622,-87.6028358
"174","5300 S. Lake Park",41.7998964,-87.5885616
"175","5400 S. Ellis",41.7977632,-87.601569
"176","5400 S. Ingleside ",41.797709,-87.6031514
"177","5400 S. Lake Park",41.796979,-87.587875
"178","5401 S. Ellis",41.7976299,-87.6007588
"179","5454 S. Shore Dr. ",41.7962081,-87.5816083
"180","5455 S. Blackstone ",41.7964345,-87.5899933
"181","5500 S. Lake Park",41.7950649,-87.5878062
"182","5514 S. Blackstone ",41.7946132,-87.5910931
"183","5514 S. University ",41.794451,-87.5986154
"184","5530 S. Ellis",41.794474,-87.6016284
"185","5600 S. Cottage Grove",41.7931435,-87.6061982
"186","5600 S. Ellis ",41.7931785,-87.601339
"187","5600 S. Hyde Park",41.7934118,-87.5839052
"188","5631 S. Cottage Grove ",41.792218,-87.6057469
"189","5700 S. Blackstone ",41.79133,-87.59062
"190","5714 S. Woodlawn",41.790866,-87.596749
"191","5721 S. Maryland",41.7901841,-87.6045875
"192","5730 S. Drexel",41.7903948,-87.6038772
"193","5800 S. University ",41.7894705,-87.598024
"194","5836 S. Greenwood ",41.7932161,-87.5998069
"195","6000 S. Cottage Grove",41.7858644,-87.6060378
"196","6019 S. Ingleside ",41.7852751,-87.6021507
"197","6227 S. Cottage Grove ",41.7813616,-87.605562
"198","6300 S. Woodlawn",41.7802796,-87.5964954
"199","935 E. 56th St. ",41.792984,-87.6024664
"200","942 E. 55th St.",41.7954867,-87.6020783
"201","970 E. 58th St.",41.7897444,-87.6015497
"202","1101 E. 57th St.",41.7912614,-87.5992075
"203","1126 E. 59th St.",41.7880092,-87.5987709
"204","1212 E. 59th St.",41.7880686,-87.5956212
"205","1225 E. 60th St. ",41.7858068,-87.595222
"206","1226 E. 53rd St. ",41.7999353,-87.595523
"207","1228 E. 53rd St.",41.7997745,-87.5946818
"208","1321 E. 57th St. ",41.7912764,-87.5940065
"209","1330 E. 53rd St. ",41.799659,-87.593935
"210","1350 E. Madison Park ",41.803462,-87.592882
"211","1365 E. 60th St. ",41.7857468,-87.5917814
"212","1400 E. 47th St. ",41.8102825,-87.5922122
"213","1400 E. 53rd St. ",41.7999232,-87.5916138
"214","1418 E. 53rd St. ",41.7999386,-87.5911268
"215","1420 E. 53rd St. ",41.7997902,-87.5909647
"216","1427 E. Midway Pl.",41.7864747,-87.5989062
"217","1449 E. 57th St. ",41.79132,-87.589652
"218","1500 E. 57th St.",41.7915074,-87.5889392
"219","1500 E. 61st St.",41.7839684,-87.5887539
"220","1530 E. 53rd St. ",41.7997026,-87.5876869
"221","1554 E. 55th St.",41.7954837,-87.5881602
"222","1617 E. 50th Pl. ",41.8032384,-87.585806
"223","4800 S. Lake Park",41.8074698,-87.5913632
"224","4900 S. Lake Park",41.8060117,-87.5897826
"225","5000 S. Drexel ",41.8041012,-87.6042494
"226","5100 S. Cottage Grove",41.8022489,-87.6064104
"227","5100 S. Drexel",41.8020004,-87.603916
"228","5100 S. Ellis",41.8019762,-87.6015883
"229","5100 S. Woodlawn ",41.8020039,-87.5971239
"230","5118 S. Dorchester ",41.8017253,-87.5923473
"231","5130 S. Lake Park",41.8019493,-87.5880146
"232","5130 S. Lake Park ",41.8019493,-87.5880146
"233","5200 S. Dorchester",41.800679,-87.592269
"234","5225 S. Harper ",41.8001559,-87.5887777
"235","5235 S. Harper",41.8000045,-87.5877278
"236","5300 S. Cornell",41.7995091,-87.5855693
"237","5300 S. Harper ",41.7994184,-87.5844536
"238","5300 S. University",41.7993398,-87.5985268
"239","5326 S. Cornell",41.798681,-87.5860183
"240","53rd & Harper",41.7995233,-87.589095
"241","5400 S. Dorchester",41.7978593,-87.5922122
"242","5400 S. Drexel ",41.7966863,-87.6041205
"243","5400 S. Greenwood",41.7979407,-87.5997083
"244","5400 S. Harper ",41.7979351,-87.5893372
"245","5400 S. Ingleside",41.797709,-87.6031514
"246","5400 S. University ",41.797813,-87.5983667
"247","5454 S. Lake Shore Dr.",41.7960582,-87.5791018
"248","5500 S. Cornell",41.7950886,-87.5856238
"249","5500 S. Cornell ",41.7950886,-87.5856238
"250","5500 S. Cottage Grove",41.795729,-87.605226
"251","5500 S. Ellis",41.794766,-87.601639
"252","5500 S. Ellis ",41.794766,-87.601639
"253","5501 S. Cottage Grove",41.7949367,-87.6062354
"254","5521 S. University ",41.7943593,-87.5978249
"255","5550 S. Dorchester ",41.7935089,-87.592135
"256","5600 S. Woodlawn",41.7930239,-87.596804
"257","5615 S. University",41.7927144,-87.5977879
"258","5615 S. University ",41.7927144,-87.5977879
"259","5617 S. Maryland ",41.7926519,-87.604581
"260","5643 S. Cottage Grove ",41.7920046,-87.6057852
"261","5700 S. Blackstone",41.79133,-87.59062
"262","5700 S. Drexel",41.7913587,-87.6037279
"263","5700 S. Ellis",41.7913661,-87.6013016
"264","5700 S. Hyde Park",41.7934118,-87.5839052
"265","5700 S. Stony Island",41.7879717,-87.5866324
"266","5700 S. Woodlawn",41.7912883,-87.5968463
"267","5710 S. Woodlawn ",41.7910278,-87.5967492
"268","5730 S. Woodlawn ",41.7904695,-87.5967415
"269","5734 S. Ellis ",41.7902933,-87.6016511
"270","5735 S. University ",41.7903486,-87.5976735
"271","5739 S. Woodlawn ",41.7898839,-87.5960168
"272","5748 S. Blackstone ",41.7901022,-87.5905458
"273","5750 S. Woodlawn ",41.789837,-87.5968649
"274","5751 S. Woodlawn",41.7901437,-87.5960615
"275","5757 S. University",41.7899183,-87.5973411
"276","5800 S. Cottage Grove",41.7890602,-87.6064569
"277","5800 S. Dorchester",41.7896565,-87.5915533
"278","5800 S. Greenwood",41.7932161,-87.5998069
"279","5800 S. Maryland",41.7888793,-87.6049986
"280","5800 S. Woodlawn",41.7895848,-87.5964141
"281","5801 S. Ellis",41.7895762,-87.6009324
"282","5815 S. Kimbark ",41.7885454,-87.594775
"283","5827 S. University",41.7889606,-87.5979197
"284","5835 S. Drexel ",41.7895463,-87.6036965
"285","5835 S. Kenwood ",41.789397,-87.5928061
"286","5837 S. Maryland ",41.788755,-87.6046898
"287","5900 S. Ellis",41.7872877,-87.6012187
"288","6000 S. Ellis",41.7853698,-87.6011668
"289","6000 S. Stony Island",41.7857879,-87.586997
"290","6000 S. Woodlawn",41.7859971,-87.596333
"291","6000 S. Woodlawn ",41.7859971,-87.596333
"292","6016 S. Ingleside ",41.7857267,-87.6029258
"293","6031 S. Ellis",41.7850698,-87.6003337
"294","6100 S. Ellis ",41.7840817,-87.6011369
"295","6100 S. Ingleside",41.7839183,-87.6031019
"296","6200 S. Ellis",41.782064,-87.601567
"297","6200 S. Harper",41.7824444,-87.5881606
"298","6200 S. Kimbark",41.782198,-87.595134
"299","6300 S. Ingleside",41.7804288,-87.6016703
"300","6300 S. Kenwood",41.7802796,-87.5964954
"301","6315 S. Cottage Grove ",41.7797709,-87.605491
"302","801 E. Midway Pl.",41.7864747,-87.5989062
"303","820 E. 56th St.",41.7931443,-87.6060824
"304","850 E. 58th St.",41.7896827,-87.6040502
"305","850 E. 63rd St. ",41.7806255,-87.6038137
"306","900 E. Midway Pl.",41.7864747,-87.5989062
"307","910 E. 58th St. ",41.7899301,-87.6033832
"308","924-26 E. 61st St. ",41.7842257,-87.6032869
"309",". 5100 S. Ellis",41.8019762,-87.6015883
"310","1000 E. 54th Pl.",41.7964721,-87.6012387
"311","1000 E. 54th Pl. ",41.7964721,-87.6012387
"312","1000 E. 54th St.",41.79792,-87.6012565
"313","1000 E. 61st St. ",41.7840992,-87.6001143
"314","1000 E. 63rd St.",41.780743,-87.600607
"315","1000 E. Midway Pl",NA,NA
"316","1001 E. Midway Pl.",41.7864747,-87.5989062
"317","1003 E. 62nd St. ",41.7822767,-87.600292
"318","1005 E. 55th St.",41.7953275,-87.601126
"319","1005 E. 55th St. ",41.7953275,-87.601126
"320","1005 E. 60th St. Burton-Judson RH",41.785506,-87.600405
"321","1009 E. 53rd St. ",41.7992236,-87.6007666
"322","1009 E. 55th St. ",41.7948282,-87.6003569
"323","1009 E. 57th St.",41.7910784,-87.6005453
"324","1009 E. 57th St.  ",41.7910784,-87.6005453
"325","1010 E. 55th St.",41.7950157,-87.6009146
"326","1020 E. 58th St.",41.7900088,-87.60021
"327","1020 E. 61st St. ",41.7841008,-87.5999416
"328","1021 E 62nd St.",41.7821098,-87.60007
"329","1023 E. 48th St. ",41.8074455,-87.6006109
"330","1025 E. 54th Pl.",41.7964742,-87.600835
"331","1025 E. 57th St. ",41.7912973,-87.6002383
"332","1027 E. 53rd St. ",41.7991923,-87.6001364
"333","1028 E. 62nd St. ",41.7824548,-87.5999216
"334","1029 E. 49th St. ",41.8056849,-87.6004647
"335","1030 E. 52nd St.",41.8010808,-87.6009027
"336","1035 E. 60th St.",41.7859271,-87.5994755
"337","1036 E. Hyde Park",41.8027159,-87.600088
"338","1047 E. Midway Pl",NA,NA
"339","1055 E. 55th St. ",41.7949283,-87.6002467
"340","1056 E. 55th St.",41.795749,-87.6003318
"341","1070 E. 57th St.",41.7913805,-87.6007722
"342","1100 E. 48th St. ",41.8080142,-87.598849
"343","1100 E. 58th St ",41.7901748,-87.5991412
"344","1100 E. 58th St.",41.7901748,-87.5991412
"345","1100 E. 59th St. ",41.7877664,-87.5980648
"346","1100 E. 61st St.",41.7841078,-87.5991655
"347","1100 E. 61st St. ",41.7841078,-87.5991655
"348","1100 E. Midway Pl.",41.7864747,-87.5989062
"349","1100 E.60th St.",41.785921,-87.6001462
"350","1101 E, 56th St. ",41.7929725,-87.5999293
"351","1101 E. 53rd St.",41.799407,-87.5997281
"352","1101 E. 58th ",41.7889722,-87.5992628
"353","1101 E. 58th St.  ",41.7889722,-87.5992628
"354","1103 E. 57th St. ",41.7912616,-87.5991968
"355","1105 E. 55th St. ",41.7946221,-87.5989647
"356","1108 E. 53rd St. ",41.7995071,-87.5986416
"357","1108 E. 58th St.",41.7895621,-87.601259
"358","1108 E. 58th St. ",41.7895621,-87.601259
"359","1110 E. 53rd St. ",41.7995084,-87.5984241
"360","1111 E, 60th St. ",41.7851676,-87.5985919
"361","1117 E. 53rd St. ",41.7992607,-87.5988879
"362","1118 E. 57th St. ",41.7914051,-87.5985487
"363","1118 E. 58th St ",41.7895621,-87.601259
"364","1118 E. 58th St. Eckhart Hall ",41.790151,-87.598534
"365","1119 E. 58th St. ",41.7896074,-87.5963982
"366","1120 E. 59th St.",41.7877667,-87.5980389
"367","1120 E. Midway Pl.",41.7864747,-87.5989062
"368","1121 E. 57th St.",41.7912365,-87.598449
"369","1122 E. 46th St. ",41.811602,-87.5982917
"370","1128 E. 46th St.",41.8115958,-87.5980073
"371","1130 E. 46th St.",41.8115925,-87.5979565
"372","1130 E. 57th St.",41.791406,-87.598282
"373","1132 E. 56th St.",41.7932263,-87.5984127
"374","1144 E. 52nd St.",41.8010801,-87.5981002
"375","1144 E. 59th St.",41.7877673,-87.5979953
"376","1144 E. 61st St.",41.7841182,-87.5979069
"377","1145 E. 55th St.",41.7945527,-87.5978442
"378","1145 E. 56th St. ",41.7930575,-87.5978247
"379","1147 E. 56th St.",41.7930585,-87.5977747
"380","1148 E. 48th St. ",41.808051,-87.597391
"381","1149 E. 46th St.",41.8112607,-87.5974003
"382","1153 E. 56th St.",41.7930649,-87.5976652
"383","1154 E. 55th St.",41.7952181,-87.5976005
"384","1154 E. 56th St. ",41.7934152,-87.5976428
"385","1154 E. 57th St. ",41.7915708,-87.5974854
"386","1155 E. 55th St. ",41.7945548,-87.5976178
"387","1155 E. 56th St.",41.7930586,-87.5976663
"388","1155 E. 56th St. ",41.7930586,-87.5976663
"389","1155 E. 65th St.",41.7767139,-87.5968059
"390","1156 E. 57th St.",41.7915717,-87.5974199
"391","1156 E. Hyde Park ",41.8025965,-87.5974473
"392","1157 E. 59th St.",41.7878419,-87.5914952
"393","1158 E. 58th St. ",41.7896074,-87.5963982
"394","1158 E. 59th St.",41.7877684,-87.5979325
"395","1160 E. 54th St.",41.798183,-87.597315
"396","1160 E. 56th St.",41.7934851,-87.5974055
"397","1160 E. 58th St. ",41.7896074,-87.5963982
"398","1162 E. 52nd St. ",41.8010835,-87.5976329
"399","1165 E. 53rd St.",41.7993347,-87.597869
"400","1165 E. 61st St.",41.7839783,-87.5970268
"401","1167 E. 63rd St. ",41.7804324,-87.5965689
"402","1174 E. 55th St.",41.7952638,-87.5967536
"403","1200 E. 61st St. ",41.7841358,-87.5962844
"404","1200 E. Hyde Park",41.802743,-87.595828
"405","1200 E. Hyde Park ",41.802743,-87.595828
"406","1201 E. 54th St.",41.7979633,-87.596593
"407","1201 E. 59th St.",41.7878419,-87.5914952
"408","1204 E. 53rd St. ",41.8000186,-87.5963468
"409","1205 E. 54th St.",41.7977675,-87.5964061
"410","1210 E. 54th St. ",41.7981464,-87.596176
"411","1212 E. 54th St. ",41.7980922,-87.5961509
"412","1214 E. 53rd St.",41.7999895,-87.5959738
"413","1214 E. 53rd St. ",41.7999895,-87.5959738
"414","1215 E. Hyde Park",41.8021008,-87.5963425
"415","1215 E. Hyde Park ",41.8021008,-87.5963425
"416","1219 E. 50th St. ",41.80386,-87.596046
"417","1219 E. 53rd St.",41.7991574,-87.5958288
"418","1219 E. Midway Pl.",41.7864747,-87.5989062
"419","1220 E. 54th St.",41.7981411,-87.5958385
"420","1220 E. 61st St.",41.7841448,-87.5956444
"421","1221 E. 52nd St.",41.800678,-87.59575
"422","1221 E. 54th St. ",41.7978005,-87.595729
"423","1224 E. Midway Pl.",41.7864747,-87.5989062
"424","1225 E. 52nd St.",41.8007305,-87.5958394
"425","1232 E. 63rd St.",41.7807533,-87.5948818
"426","1250 E. Midway Pl.",41.7864747,-87.5989062
"427","1300 E. 47th St. ",41.8101061,-87.5953749
"428","1300 E. 53rd St. ",41.799796,-87.594741
"429","1300 E. Midway Pl.",41.7864747,-87.5989062
"430","1307 E. 55th St. ",41.794871,-87.594488
"431","1313 E. 60th St. ",41.7858445,-87.5928056
"432","1314 E. Hyde Park ",41.8026542,-87.5943025
"433","1315 E. 52nd St. ",41.8006999,-87.5943731
"434","1317 E. Madison Park",41.8028002,-87.5941123
"435","1319 E. Madison Park ",41.8028005,-87.5940844
"436","1320 E. 55th St. ",41.7951329,-87.5939167
"437","1320 E. 58th St. ",41.7898182,-87.5939101
"438","1320 E. 62nd St.",41.7825474,-87.593777
"439","1321 E. 56th St.  ",41.7931577,-87.5939101
"440","1321 E.56th St. ",41.7931577,-87.5939101
"441","1327 E. 57th St. ",41.7912716,-87.593775
"442","1327 E. 62nd St.",41.7821988,-87.5935668
"443","1328 E. 61st St.",41.7841816,-87.5928921
"444","1329 E. 53rd St.",41.7994817,-87.592853
"445","1330 E. 53rd St.",41.799659,-87.593935
"446","1330 W. 127th St.",NA,NA
"447","1332 E, 56th St.",41.7933958,-87.5935887
"448","1333 E. 57th St. ",41.7913056,-87.5935435
"449","1335 E. 51st St. ",41.8021135,-87.6044573
"450","1337 E. Madison Park ",41.8028037,-87.5938333
"451","1342 E. 55th St. ",41.7953176,-87.5932155
"452","1350 E. 49th St.",41.8062052,-87.5930804
"453","1351 E. 56th St.",41.792983,-87.592984
"454","1352 E 47th Pl.",41.8086327,-87.6053244
"455","1353 E. 54th St.",41.797853,-87.5929515
"456","1354 E. 50th St. ",41.804217,-87.5930423
"457","1355 E. 53rd St.",41.799484,-87.5925456
"458","1355 E. 55th St.",41.7951711,-87.5918184
"459","1355 E. 63rd St. ",41.7807699,-87.592259
"460","1362 E. 59th St.",41.7880278,-87.5939404
"461","1363 E. 56th St. ",41.7932998,-87.5924584
"462","1364 E. 58th St.",41.7899004,-87.5924969
"463","1365 E. Midway Pl.",41.7864747,-87.5989062
"464","1369 E. 53rd St. ",41.7993135,-87.5924102
"465","1370 E. 53rd St.",41.7996437,-87.5922737
"466","1370 E. 57th St. ",41.7914621,-87.5931757
"467","1370 E. 59th St. ",41.7878286,-87.5931105
"468","1375 E. 57th St.",41.7913526,-87.5920771
"469","1379 E. 53rd St. ",41.7992527,-87.5920246
"470","1380 E. 53rd St. ",41.7997371,-87.5919452
"471","1400 E. 47th St.",41.8102825,-87.5922122
"472","1400 E. 52nd St. ",41.8009658,-87.5917889
"473","1401 E. Hyde Park",41.8019635,-87.591672
"474","1401 E. Hyde Park ",41.8019635,-87.591672
"475","1402 E. 55th St.",41.7956411,-87.5915079
"476","1405 E. 53rd St.",41.7992327,-87.591377
"477","1407 E. 53rd St.",41.7992332,-87.5913272
"478","1407 E. 62nd Pl.",41.7812589,-87.5908854
"479","1408 E. 60th St. ",41.7860791,-87.5912211
"480","1411 E. 53rd St.",41.7992113,-87.5912271
"481","1413 E. 57th St. ",41.7913118,-87.5910545
"482","1414 E.59th St. ",41.7882484,-87.5909839
"483","1415 E. 57th St. ",41.7914015,-87.5906761
"484","1418 E. 53rd St.",41.7999386,-87.5911268
"485","1420 E. Midway Plaisance",41.7864747,-87.5989062
"486","1421 E. 48th St.",41.8078726,-87.5913996
"487","1427 E. 60th Street ",41.7857443,-87.5902956
"488","1429 E. 60th St.",41.7854107,-87.5901488
"489","1438 E. 53rd St. ",41.799173,-87.594475
"490","1438 E. 57th St. ",41.7917016,-87.5900948
"491","1442 E. 59th St.",41.7881017,-87.5898196
"492","1444 E. 57th St.",41.7916743,-87.5898196
"493","1447 E. 53rd St.",41.7992293,-87.5899547
"494","1449 E. 53rd St.",41.7993095,-87.5898897
"495","1449 E. 57th St.",41.79132,-87.589652
"496","1450 E. 59th St.",41.7880876,-87.5896075
"497","1450 E. 59th St. ",41.7880876,-87.5896075
"498","1452 E. 53rd St.",41.7997257,-87.5896855
"499","1453 E. 53rd St. ",41.799292,-87.5897063
"500","1453 E. 55th St.",41.7954937,-87.5895459
"501","1462 E. 53rd St.",41.7997869,-87.5893984
"502","1463 E. 53rd St. ",41.799324,-87.5893684
"503","1466 E. 56th St. ",41.7935469,-87.589481
"504","1500 E. 53rd St.",41.7998079,-87.5888552
"505","1500 E. 53rd St. ",41.7998079,-87.5888552
"506","1500 E. 55th St. ",41.7954967,-87.5887777
"507","1500 E. 59th St. ",41.7878722,-87.5890975
"508","1501 E. 55th St.",41.7950084,-87.5892172
"509","1501 E. 57th St. ",41.7913443,-87.5888934
"510","1502 E. 55th St.",41.7954417,-87.5886529
"511","1502 E. 55th St. ",41.7954417,-87.5886529
"512","1508 E. 52nd St.",41.8013564,-87.5886708
"513","1515 E. 57th St.",41.7914308,-87.5882655
"514","1518 E. Harper Court",41.800316,-87.588227
"515","1519 E. 54th St.",41.7978945,-87.5882869
"516","1520 E. 57th St.",41.7916443,-87.5881545
"517","1520 E. 57th St. ",41.7916443,-87.5881545
"518","1520 E. Midway Pl.",41.7864747,-87.5989062
"519","1525 E. 53rd St.",41.7993598,-87.5881897
"520","1525 E. 55th St. ",41.794974,-87.5879658
"521","1525 E. 60th St.",41.7861118,-87.5883985
"522","1526 E. 55th St.",41.7961907,-87.5885461
"523","1530 E. 53rd St.",41.7997026,-87.5876869
"524","1531 E. 53rd St.",41.7994464,-87.5878908
"525","1531 E. 53rd St. ",41.7994464,-87.5878908
"526","1534 E. Midway Pl.",41.7864747,-87.5989062
"527","1539 E. 53rd St. ",41.7991982,-87.5875427
"528","1540 E. Hyde Park",41.8024745,-87.5874898
"529","1548 E. 53rd St. ",41.7995452,-87.5873447
"530","1550 E. 53rd St.",41.7995452,-87.5873447
"531","1551 E. 60th St. ",41.7859089,-87.5880229
"532","1555 E. 55th St. ",41.7949737,-87.5878155
"533","1555 E. 60th St.",41.785909,-87.5880034
"534","1558 E. Hyde Park",41.802689,-87.5871505
"535","1601 E. 55th St. ",41.79505,-87.586587
"536","1602 E. 55th St. ",41.7953226,-87.586419
"537","1606 E. 55th St.",41.7953556,-87.5862002
"538","1610 E. 55th St. ",41.7953561,-87.5861219
"539","1616 E. 50th Pl.",41.8036234,-87.5856516
"540","1635 E. 55th St. ",41.7950533,-87.5851167
"541","1636 E. 55th St. ",41.7953715,-87.5852493
"542","1642 E. 56th St.",41.793823,-87.5848797
"543","1642 E. 56th St. ",41.793823,-87.5848797
"544","1649 E. 56th St.",41.793405,-87.5839682
"545","1729 E. 55th St. ",41.7950988,-87.5826369
"546","1749 E. 55th St.",41.7950955,-87.5819584
"547","301 E. Garfield Blvd. ",41.7941444,-87.618985
"548","322. E. Illinois ",NA,NA
"549","3722 S. Lake Park ",NA,NA
"550","3900 S. Lake Park",NA,NA
"551","4200 S. Ellis",41.8178459,-87.6021863
"552","4200 S. Ellis ",41.8178459,-87.6021863
"553","4200 S. Lake Park ",41.8178738,-87.5997943
"554","4300 S. Cottage Grove",41.8166889,-87.606979
"555","4300 S. Drexel ",41.816469,-87.604848
"556","4337 S. Berkeley ",41.81574,-87.600261
"557","4353 S. Cottage Grove",41.8153329,-87.6061174
"558","4410 S. Drexel ",41.8146346,-87.6045919
"559","4424 S. Drexel ",41.814083,-87.6058791
"560","4444 S. Evans ",41.8140223,-87.6086873
"561","44th & Cottage Grove",41.8149845,-87.606683
"562","4500 S. Drexel",41.813007,-87.605028
"563","4500 S. Ellis",41.813101,-87.6022
"564","4505 S. Drexel ",41.813,-87.6034016
"565","4559 S. Oakenwald",41.8124339,-87.5939294
"566","4600 S. Ellis ",41.811168,-87.602302
"567","4600 S. Greenwood",41.8114017,-87.5993045
"568","4602 S. Woodlawn",41.8112619,-87.5971034
"569","4612 S. Drexel",41.8109007,-87.6048649
"570","4612 S. Woodlawn ",41.8109472,-87.5970934
"571","4623 S. Woodlawn",41.8108799,-87.5966304
"572","4625 S. Drexel",41.8106981,-87.6035008
"573","4700 S. Greenwood ",41.8093348,-87.5994129
"574","4700 S. Ingleside",41.8091016,-87.6030636
"575","4701 S. Ellis ",41.8093164,-87.6014129
"576","4721 S. Ellis ",41.808831,-87.601023
"577","4726 S. Woodlawn",41.8085078,-87.5974795
"578","4750 S. Cornell ",41.806543,-87.5877942
"579","4759 S. Woodlawn ",41.807968,-87.5964991
"580","47th & Evans",41.8095052,-87.6077974
"581","47th & Woodlawn",41.8096279,-87.5968462
"582","4800 S. Cottage Grove",41.807483,-87.606905
"583","4800 S. Dorchester",41.807684,-87.592311
"584","4825 S. Drexel",41.806984,-87.6034402
"585","4832 S. Drexel ",41.806403,-87.605067
"586","4835 S. Kimbark",41.8068049,-87.5947415
"587","4837 S. Kenwood",41.806731,-87.5930939
"588","4844 S. Cornell  ",41.8060057,-87.5870714
"589","4859 S. Cottage Grove",41.80625,-87.605834
"590","48th & Woodlawn or 48th & Ellis",41.8077827,-87.59923515
"591","4900 S. Blackstone",41.8058509,-87.591099
"592","4900 S. Drexel",41.8058337,-87.6043959
"593","4900 S. Drexel ",41.8058337,-87.6043959
"594","4900 S. Ellis",41.8057901,-87.6019564
"595","4900 S. Kenwood",41.8058081,-87.5973056
"596","4900 S. Kimbark",41.8058503,-87.5956079
"597","4900 S. Lake Shore Dr.",41.805977,-87.5856334
"598","4901 S. Blackstone",41.806034,-87.5905786
"599","4901 S. Cottage Grove",41.8058685,-87.6064879
"600","4901 S. Greenwood ",41.805837,-87.5986947
"601","4906 S. Dorchester ",41.8050727,-87.5928702
"602","4915 S. Woodlawn ",41.8055574,-87.5964568
"603","4921 S. Ellis ",41.805112,-87.6011639
"604","4922 S. Cornell ",41.8063365,-87.5880362
"605","4937 S. East End",41.8052498,-87.585276
"606","49th & Blackstone",41.8060521,-87.590579
"607","5000 S. Cornell",41.804342,-87.586759
"608","5000 S. Cornell ",41.804342,-87.586759
"609","5000 S. Dorchester",41.803925,-87.592257
"610","5000 S. Dorchester ",41.803925,-87.592257
"611","5000 S. Drexel",41.8041012,-87.6042494
"612","5030 S. Cornell ",41.8032729,-87.5867421
"613","5030 S. Drexel ",41.803172,-87.604753
"614","5036 S. Drexel",41.802959,-87.604701
"615","5036 S. Ellis ",41.8030032,-87.6019479
"616","5037 S. Drexel",41.8030029,-87.603419
"617","5037 S. Drexel ",41.8030029,-87.603419
"618","5041 S. Blackstone ",41.8027194,-87.5900905
"619","5043 S. Drexel ",41.802811,-87.603212
"620","5048 S. Blackstone ",41.8027454,-87.5907382
"621","5048 S. Cornell",41.8027818,-87.5867688
"622","5050 S. Lake Shore Dr. ",41.803257,-87.5848411
"623","5051 S. East End",41.8033021,-87.5854363
"624","5052 S. Blackstone",41.8027454,-87.5907382
"625","5055 S. Lake Shore Dr.",41.8032804,-87.5836988
"626","50th & Drexel",41.8040967,-87.6038064
"627","50th & Lake Shore Dr.",41.8043609,-87.5837568
"628","5100 S. Blackstone",41.8024077,-87.5905052
"629","5100 S. Cornell",41.8021708,-87.5867323
"630","5100 S. Dorchester",41.8020508,-87.592135
"631","5100 S. Dorchester ",41.8020508,-87.592135
"632","5100 S. Hyde Park",41.8022475,-87.5853438
"633","5100 S. Lake Park",41.802463,-87.587926
"634","5100 S. Lake Park ",41.802463,-87.587926
"635","5100 S. Lake Shore Dr.",41.8032804,-87.5836988
"636","5100 S. Shore Dr. ",41.7946307,-87.580926
"637","5100 S. University",41.8023241,-87.5982623
"638","5100 S. Woodlawn",41.8020039,-87.5971239
"639","5101 S. Greenwood",41.8023062,-87.5998123
"640","5103 S. Woodlawn",41.8022545,-87.5964105
"641","5111 S. University ",41.801914,-87.5976722
"642","5112 S. Woodlawn",41.8018561,-87.5969374
"643","5115 S. Ellis",41.801798,-87.6009119
"644","5116 S. Blackstone ",41.80183,-87.590867
"645","5118 S. Blackstone",41.8018483,-87.5908037
"646","5118 S. Lake Park ",41.8019189,-87.5880092
"647","5120 S. Cornell ",41.8017565,-87.58667
"648","5121 S. Ingleside ",41.801573,-87.60242
"649","5125 S. Kenwood ",41.8015231,-87.5931804
"650","5128 S. Blackstone ",41.8014041,-87.5908544
"651","5130 S. Hyde Park",41.8015073,-87.5851124
"652","5135 S. Blackstone ",41.801339,-87.590068
"653","5135 S. Woodlawn",41.8012853,-87.5963796
"654","5140 S. Hyde Park",41.8013619,-87.5851885
"655","5141 S. Ellis ",41.801076,-87.600877
"656","5152 S. Drexel ",41.800804,-87.6041486
"657","5155 S. Cottage Grove",41.8006715,-87.6060635
"658","51st & Cornell",41.8021389,-87.5866612
"659","51st & University",41.7886079,-87.5987133
"660","51st. & Blackstone",41.800751,-87.590997
"661","5200 S Cornell",41.8008865,-87.5863189
"662","5200 S. Blackstone",41.8008025,-87.5909195
"663","5200 S. Cottage Grove",41.7990617,-87.6070665
"664","5200 S. Cottage Grove ",41.7990617,-87.6070665
"665","5200 S. Drexel",41.8002766,-87.6042345
"666","5200 S. Greenwood",41.8007492,-87.5999968
"667","5200 S. Harper ",41.8008312,-87.5895109
"668","5200 S. Hyde Park ",41.8008548,-87.5850727
"669","5200 S. Ingleside",41.80061,-87.603187
"670","5200 S. Kenwood",41.8007483,-87.5969348
"671","5200 S. Kenwood ",41.8007483,-87.5969348
"672","5200 S. Lake Park ",41.8008584,-87.5880251
"673","5200 S. Woodlawn",41.8007483,-87.5969348
"674","5200 S. Woodlawn ",41.8007483,-87.5969348
"675","5201 S. Hyde Park",41.801001,-87.584583
"676","5201 S. Ingleside",41.800612,-87.602509
"677","5201 S. Ingleside ",41.800612,-87.602509
"678","5201 S. University ",41.800719,-87.597761
"679","5208 S. Ingleside ",41.80061,-87.603187
"680","5211 S. Blackstone ",41.8006025,-87.5901766
"681","5211 S. Woodlawn",41.8005198,-87.5963651
"682","5213 S. Woodlawn ",41.8004542,-87.5963634
"683","5215 S. Woodlawn ",41.8003899,-87.5962638
"684","5218 S. Harper ",41.8007233,-87.5894083
"685","5219 S. Harper ",41.8007406,-87.588736
"686","5220 S. Drexel ",41.7997077,-87.6045204
"687","5221 S. Harper ",41.800219,-87.588073
"688","5222 S. Harper ",41.8002198,-87.5892529
"689","5223 S. Lake Park",41.800531,-87.58799
"690","5225 S. Harper",41.8001559,-87.5887777
"691","5226 S. Harper",41.8000515,-87.5893565
"692","5226 S. Ingleside ",41.799928,-87.603173
"693","5228 S. Lake Park",41.8001047,-87.5875622
"694","5230 S. Harper ",41.8000387,-87.5892313
"695","5230 S. Lake Park",41.8000134,-87.5875247
"696","5235 S. Harper Court ",41.7999355,-87.5880225
"697","5235 S. Lake Park ",41.8003297,-87.5874502
"698","5239 S. Hyde Park",41.8004822,-87.5843696
"699","5241 S. Harper",41.7998596,-87.5889076
"700","5245 S. Drexel",41.799552,-87.6036931
"701","5250 S. Harper Ct.",41.8000142,-87.589092
"702","5250 S. Lake Park",41.8000345,-87.5874045
"703","5254 S. Dorchester ",41.7997878,-87.5920088
"704","52nd & Lake Park",41.8010125,-87.5874191
"705","52nd at Lake Park",41.8010125,-87.5874191
"706","5300 S. Blackstone ",41.7991979,-87.590829
"707","5300 S. Dorchester",41.79931,-87.5919614
"708","5300 S. Drexel ",41.7984208,-87.6042503
"709","5300 S. Ellis",41.7993748,-87.601313
"710","5300 S. Greenwood",41.799161,-87.600174
"711","5300 S. Hyde Park",41.7994184,-87.5844536
"712","5300 S. Kenwood ",41.7992032,-87.5970741
"713","5300 S. Kimbark",41.7992755,-87.5953309
"714","5300 S. Woodlawn ",41.7992032,-87.5970741
"715","5301 S. Cottage Grove",41.798079,-87.605793
"716","5301 S. Dorchester",41.799475,-87.5917806
"717","5301 S. University ",41.7992755,-87.5977494
"718","5302 S. Lake Park",41.7994327,-87.588173
"719","5303 S. Kimbark ",41.7992518,-87.5948937
"720","5305 S. Drexel ",41.799117,-87.603554
"721","5306 S. Ingleside ",41.7990839,-87.6030436
"722","5307 S. Kimbark ",41.7980415,-87.5949925
"723","5307 S. University ",41.799145,-87.597726
"724","5308 S. Hyde Park",41.7991131,-87.5841573
"725","5308 S. Maryland ",41.798424,-87.605459
"726","5310 S. Harper ",41.7993197,-87.5892439
"727","5311 S. Blackstone",41.7991176,-87.5901862
"728","5311 S. Lake Park",41.7991323,-87.5876236
"729","5317 S. Maryland",41.7979971,-87.6048177
"730","5327 S. Cornell",41.7985718,-87.5853738
"731","5327 S. Dorchester ",41.798577,-87.591354
"732","5330 S. Harper",41.7986158,-87.5893951
"733","5334 S. Woodlawn",41.798451,-87.5969225
"734","5340 S. Cornell",41.7983024,-87.585907
"735","5343 S. Ellis",41.7981532,-87.6009078
"736","5343 S. Greenwood",41.7982563,-87.5993045
"737","5345 S. Harper",41.7982542,-87.5888163
"738","5345 S. Kimbark",41.7981854,-87.5948559
"739","5346 S. Cornell ",41.798099,-87.585904
"740","5348 S. Maryland ",41.7970562,-87.6053081
"741","53rd & Ingleside",41.7993768,-87.6028362
"742","53rd & Kenwood",41.799484,-87.5925496
"743","53rd at Lake Park",41.7995452,-87.5873447
"744","53rd near Dorchester",41.7994889,-87.5917812
"745","53rd St.",41.7993723,-87.6039168
"746","5400 S. Blackstone ",41.797929,-87.590714
"747","5400 S. Drexel",41.7966863,-87.6041205
"748","5400 S. Ellis ",41.7977632,-87.601569
"749","5400 S. Greenwood ",41.7979407,-87.5997083
"750","5400 S. Harper",41.7979351,-87.5893372
"751","5400 S. Hyde Park",41.7976124,-87.5844699
"752","5400 S. Hyde Park ",41.7976124,-87.5844699
"753","5400 S. Kenwood ",41.797814,-87.596811
"754","5400 S. Kimbark ",41.797875,-87.5952896
"755","5400 S. Maryland",41.7966304,-87.6053601
"756","5400 S. Maryland ",41.7966304,-87.6053601
"757","5400 S. Ridgewood Ct. ",41.7979984,-87.5926042
"758","5401 S. Cornell",41.7979437,-87.5851113
"759","5401 S. Cottage Grove",41.7966012,-87.6058562
"760","5401 S. Shore Dr. ",41.7966427,-87.5808992
"761","5402 S. Drexel ",41.796669,-87.604239
"762","5402 S. Ellis ",41.797724,-87.6015433
"763","5405 S. Drexel",41.7977012,-87.60353
"764","5405 S. Kimbark ",41.7978795,-87.594993
"765","5405 S. Woodlawn ",41.79771,-87.596209
"766","5410 S. University ",41.7975363,-87.5984188
"767","5411 S. Woodlawn",41.7975371,-87.5963678
"768","5413 S. Kimbark ",41.7977044,-87.5949884
"769","5414 S. Greenwood ",41.797457,-87.60024
"770","5414 S. Ridgewood ",41.7975071,-87.5932843
"771","5414 S. Ridgewood Ct. ",41.7975071,-87.5932843
"772","5415 S. Harper ",41.7976132,-87.588797
"773","5415 S. University ",41.7974845,-87.5977574
"774","5416 S. Cornell",41.7977681,-87.585999
"775","5416 S. Cornell ",41.7977681,-87.585999
"776","5416 S. Ellis",41.795261,-87.6022969
"777","5417 S. Blackstone",41.7973696,-87.5901476
"778","5417 S. University ",41.7974658,-87.5977571
"779","5418 S. Cornell",41.7976432,-87.5859867
"780","5418 S. Ridgewood Court ",41.7974227,-87.5927034
"781","5422 S. Ellis",41.7971792,-87.6014919
"782","5422 S. Ingleside",41.7972158,-87.6031355
"783","5422 S. Lake Park ",41.7977244,-87.5876199
"784","5423 S. Kenwood ",41.7973141,-87.5933265
"785","5424 S. Kimbark ",41.7972533,-87.5950974
"786","5425 S. Harper",41.7972002,-87.5888109
"787","5427 S. Greenwood ",41.797074,-87.5992348
"788","5428 S. Kimbark ",41.7970169,-87.5953959
"789","5428 S. Woodlawn ",41.7971472,-87.5970643
"790","5430 S. Lake Shore Dr.",41.7960582,-87.5791018
"791","5432 S. Ellis",41.796859,-87.601676
"792","5433 S. University",41.7969852,-87.5977858
"793","5433 S. University ",41.7969852,-87.5977858
"794","5435 S. Shore Dr. ",41.7966427,-87.5808992
"795","5435 S. Woodlawn ",41.7969568,-87.5963523
"796","5442 S. Harper",41.7967901,-87.5893565
"797","5444 S. Ellis",41.796859,-87.601676
"798","5445 S. Dorchester",41.796699,-87.5914983
"799","5445 S. Drexel ",41.7965439,-87.6035284
"800","5445 S. Harper ",41.7967391,-87.5887973
"801","5446 S. Greenwood ",41.7965957,-87.6001013
"802","5447 S. Ellis ",41.796614,-87.6009009
"803","5452 S. Ellis ",41.7963095,-87.6014602
"804","5457 S. Ingleside ",41.796117,-87.602314
"805","5457 S. Kenwood ",41.7963957,-87.5932444
"806","5459 S. Ingleside ",41.796117,-87.602314
"807","5460 S. Ellis ",41.796165,-87.6014572
"808","5461 S. Cornell ",41.796232,-87.5849569
"809","5471 S. Dorchester",41.796165,-87.59102
"810","5473 S. Dorchester",41.7960748,-87.5914207
"811","5473 S. Kimbark ",41.7963906,-87.5949543
"812","5474 S. Hyde Park",41.795917,-87.584388
"813","5480 S. Cornell",41.7957887,-87.5860376
"814","5480 S. Cornell ",41.7957887,-87.5860376
"815","5480 S. Kenwood ",41.7957172,-87.5937557
"816","5481 S. Cornell ",41.7958395,-87.5851235
"817","5482 S. Greenwood",41.7956081,-87.6000492
"818","5485 S. Cornell",41.795667,-87.584988
"819","5487 S. Ellis ",41.7954876,-87.6009035
"820","5487 S. Hyde Park",41.7955722,-87.5838272
"821","5487 S. Hyde Park ",41.7955722,-87.5838272
"822","5493 S. Cornell",41.7954288,-87.5851317
"823","54th & Hyde Park ",41.7981177,-87.5840164
"824","54th & Kenwood ",41.7980102,-87.5934482
"825","54th & Ridgewood",41.7980215,-87.5926051
"826","54th & Woodlawn",41.7965229,-87.5965659
"827","54th & Woodlawn and 5530 S. Ellis",41.797405,-87.5969166
"828","54th at Woodlawn",41.7965229,-87.5965659
"829","54th near Woodlawn",41.7965229,-87.5965659
"830","54th Pl. and S. Harper",41.7965739,-87.5890279
"831","54th Pl. at Harper",41.7965739,-87.5890279
"832","54th Pl. near Woodlawn",41.7965229,-87.5965659
"833","54th St. at East View Park",41.7981429,-87.5827101
"834","5500 S. Dorchester",41.7944548,-87.5916626
"835","5500 S. Drexel",41.7953593,-87.6038059
"836","5500 S. Drexel ",41.7953593,-87.6038059
"837","5500 S. Everett",41.795057,-87.58297
"838","5500 S. Greenwood",41.7949029,-87.5997687
"839","5500 S. Harper",41.795006,-87.588671
"840","5500 S. Hyde Park",41.7952081,-87.5839381
"841","5500 S. Hyde Park ",41.7952081,-87.5839381
"842","5500 S. Kenwood",41.7944428,-87.5932831
"843","5500 S. Kimbark",41.7950299,-87.5949198
"844","5500 S. Kimbark ",41.7950299,-87.5949198
"845","5500 S. Lake Park ",41.7950649,-87.5878062
"846","5500 S. Payne Dr.",41.7946005,-87.5807401
"847","5500 S. Shore Dr.",41.7946309,-87.5809282
"848","5500 S. South Shore Dr.",41.7733656,-87.5672116
"849","5500 S. University",41.7948242,-87.5975921
"850","5500 S. Woodlawn ",41.7948792,-87.5969548
"851","5501 S. Ellis ",41.7945676,-87.600603
"852","5501 S. University ",41.7950436,-87.5980971
"853","5503 S. Everett ",41.7950171,-87.5824091
"854","5503 S. Woodlawn ",41.794857,-87.5963232
"855","5509 S. Hyde Park",41.7948582,-87.5838158
"856","5510 S. Hyde Park ",41.794993,-87.584369
"857","5512-14 S. Hyde Park ",41.7947454,-87.5843569
"858","5514 S. Blackstone",41.7946132,-87.5910931
"859","5519 S. Everett ",41.7945552,-87.5818779
"860","5521 S. Cornell ",41.794483,-87.58496
"861","5528 S. Ellis",41.7945085,-87.601376
"862","5530 S. Cornell ",41.7943179,-87.586116
"863","5530 S. Cottage Grove",41.7943995,-87.6062255
"864","5531 S. Everett",41.7942429,-87.582397
"865","5533 S. Ellis",41.793902,-87.601633
"866","5535 S. Ellis",41.7939859,-87.6008615
"867","5537 S. Lake Park",41.7941546,-87.5875923
"868","5540 S. Greenwood ",41.7939911,-87.6001791
"869","5545 S. Greenwood ",41.7940174,-87.5997982
"870","5545 S. Woodlawn",41.7937694,-87.5962446
"871","5548 S. Hyde Park ",41.7938062,-87.5842263
"872","5550 S. Dorchester",41.7935089,-87.592135
"873","5550 S. Shore Dr.",41.7937113,-87.5811683
"874","5551 S. Woodlawn ",41.794845,-87.596823
"875","5553 S. Blackstone ",41.793625,-87.58994
"876","5553 S. Kenwood",41.7936233,-87.5929647
"877","5554 S. Ellis ",41.7939849,-87.6016343
"878","5555 S.. Woodlawn",41.7935134,-87.5960709
"879","5558 S. Kimbark",41.7934747,-87.5951185
"880","55th & Cottage Grove",41.7949543,-87.6062357
"881","55th & Dorchester",41.7955065,-87.5916808
"882","55th & Kimbark",41.7951219,-87.5949214
"883","55th & Lake Shore Dr.",41.7951327,-87.5875943
"884","55th & South Shore",41.7949078,-87.5799651
"885","55th at Cornell",41.7951866,-87.5854166
"886","55th at Everett",41.7952242,-87.582533
"887","55th near Woodlawn ",41.7950601,-87.596557
"888","55th St. at Woodlawn ",41.7950601,-87.596557
"889","5600 S, Blackstone",41.7931,-87.590679
"890","5600 S. Dorchester",41.793195,-87.5919807
"891","5600 S. Drexel ",41.7930205,-87.603966
"892","5600 S. Greenwood ",41.7940149,-87.5997979
"893","5600 S. Harper ",41.7933332,-87.5890054
"894","5600 S. Kimbark ",41.7929452,-87.5950711
"895","5600 S. Lake Park",41.7933635,-87.5879815
"896","5600 S. Stony Island",41.793392,-87.586911
"897","5600 S. University ",41.7932285,-87.5981301
"898","5600 South Shore Dr. ",41.7942285,-87.5810037
"899","5603 S. Dorchester ",41.7931389,-87.591245
"900","5607 S. Drexel ",41.791427,-87.6037325
"901","5608 S. Stony Island ",41.792869,-87.5868373
"902","5609 S. Kenwood ",41.792974,-87.592874
"903","5609 S. Stony Island ",41.7933636,-87.5866291
"904","5610 S. Ellis ",41.7928673,-87.6015536
"905","5611 S. Everett",41.7934475,-87.5825023
"906","5615 S. Maryland ",41.79272,-87.604581
"907","5620 S. Cottage Grove ",41.7927205,-87.6061903
"908","5620 S. Drexel ",41.784922,-87.60392
"909","5620 S. Ellis ",41.7928322,-87.6025143
"910","5625 S. Lake Park",41.7925605,-87.5882377
"911","5627 S. Dorchester ",41.792471,-87.591249
"912","5628 S. Drexel",41.784511,-87.604023
"913","5630 S. Ellis",41.7925498,-87.6020427
"914","5630 S. Lake Park ",41.7925659,-87.5880687
"915","5631 S. Kimbark ",41.7918883,-87.5944889
"916","5631 S. Maryland ",41.7922585,-87.6046427
"917","5632 S. Lake Shore Dr. ",41.7924203,-87.5803542
"918","5633 S. Kenwood ",41.7923501,-87.5961481
"919","5635 S. Kimbark ",41.7914967,-87.5948456
"920","5640 S. Ellis",41.7920395,-87.6017426
"921","5641 S. Kimbark ",41.7914912,-87.5948455
"922","5641 S. Woodlawn",41.7920395,-87.5961481
"923","5645 S. Cottage Grove ",41.7919579,-87.6057837
"924","5645 S. Harper ",41.7919805,-87.5886812
"925","5645 S. Maryland ",41.7919232,-87.6046822
"926","5649 S. Blackstone",41.791942,-87.58986
"927","5650 S. Woodlawn ",41.7917282,-87.5965782
"928","5655 S. Cottage Grove",41.791698,-87.6061655
"929","5656 S. Maryland  ",41.791573,-87.605226
"930","5657 S. Cottage Grove ",41.791698,-87.6061655
"931","5658 S. Blackstone ",41.7917289,-87.590654
"932","56th & Cornell",41.7936328,-87.5832999
"933","56th & Drexel",41.7931665,-87.6037882
"934","56th & Lake Park ",41.7933449,-87.5878748
"935","56th at Kenwood ",41.7932886,-87.5932648
"936","56th St. at Everett",41.7934399,-87.5820678
"937","5700 S. Cornell",41.7930085,-87.585454
"938","5700 S. Cottage Grove",41.791296,-87.6061633
"939","5700 S. Dorchester ",41.791285,-87.591969
"940","5700 S. Everett",41.7934475,-87.5825023
"941","5700 S. Harper",41.7913981,-87.5891819
"942","5700 S. Kenwood",41.791323,-87.593498
"943","5700 S. Kimbark",41.7913154,-87.5951548
"944","5700 S. Lake Shore Dr. ",41.7920438,-87.5829263
"945","5700 S. Maryland",41.7910678,-87.6049507
"946","5701 S. Ellis ",41.7913737,-87.6013018
"947","5701 S. University",41.7914059,-87.5980738
"948","5701 S. University ",41.7914059,-87.5980738
"949","5704 S. Harper",41.791322,-87.5892109
"950","5705 S. Cottage Grove ",41.7912307,-87.6061621
"951","5706 S. University",41.7912712,-87.5981928
"952","5706 S. University Reynolds Club)",41.7909142,-87.5982633
"953","5707 S. Harper",41.7914185,-87.5888993
"954","5710 S. Blackstone",41.7910759,-87.590616
"955","5710 S. Woodlawn",41.7910278,-87.5967492
"956","5720 S. University",41.7906352,-87.5980565
"957","5720 S. Woodlawn",41.7907378,-87.5968835
"958","5720 S. Woodlawn ",41.7907378,-87.5968835
"959","5721 S. Cottage Grove",41.7909698,-87.6061574
"960","5721 S. Cottage Grove ",41.7909698,-87.6061574
"961","5722 S. Maryland",41.7905841,-87.6053771
"962","5725 S. Drexel ",41.7909061,-87.6037115
"963","5727 S, Kimbark",41.7906283,-87.5945853
"964","5728 S. Woodlawn",41.7905929,-87.5968125
"965","5729 S. Maryland ",41.790482,-87.60455
"966","5730 E. Drexel ",41.7903948,-87.6038772
"967","5730 S. Cottage Grove",41.790462,-87.605493
"968","5731 S. Cottage Grove ",41.790783,-87.6061524
"969","5731 S. Drexel ",41.7907975,-87.6037076
"970","5732 S. University",41.7903482,-87.5982817
"971","5734 S Ellis ",41.7902933,-87.6016511
"972","5737 S. Kimbark ",41.7903763,-87.5946046
"973","5745 S. Cottage Grove",41.790551,-87.606146
"974","5745 S. Drexel ",41.790544,-87.6036984
"975","5747 S. Drexel",41.7905078,-87.6036971
"976","5747 S. Ellis",41.7901516,-87.6010282
"977","5747 S. University",41.7901006,-87.5977117
"978","5756 S. Ellis ",41.790423,-87.6019381
"979","5757 S. Cottage Grove",41.7903248,-87.6061398
"980","5757 S. Woodlawn ",41.7898022,-87.5959359
"981","5758 S. Maryland",41.7901233,-87.6055479
"982","5759 S. Drexel",41.7902906,-87.6036892
"983","5759 S. Kenwood ",41.789913,-87.592803
"984","57th & Cottage Grove",41.7913123,-87.6061636
"985","57th & Shore Dr.",41.7910361,-87.5789012
"986","57th & Stony Island",41.7915318,-87.5867167
"987","57th at Kenwood",41.7914617,-87.5932217
"988","5800 S. Dorchester ",41.7896565,-87.5915533
"989","5800 S. Ellis",41.7894883,-87.6012575
"990","5800 S. Harper",41.7896231,-87.5892215
"991","5800 S. Kenwood",41.7896403,-87.5931762
"992","5800 S. University",41.7894705,-87.598024
"993","5800 S. University  ",41.7894705,-87.598024
"994","5801 S. Cottage Grove",41.7894889,-87.6061123
"995","5801 S. Cottage Grove ",41.7894889,-87.6061123
"996","5801 S. Kenwood ",41.789522,-87.5928128
"997","5801 S. University ",41.791028,-87.597605
"998","5808 S. Russell Dr. ",NA,NA
"999","5810 S. Ellis ",41.7893027,-87.6012499
"1000","5811 S, Ellis ",41.7889661,-87.6009319
"1001","5811 S. Kenwood ",41.7894852,-87.592811
"1002","5812 S. Ellis",41.7891768,-87.6019508
"1003","5812 S. Kenwood",41.7896228,-87.5931759
"1004","5813 S. Blackstone ",41.789257,-87.589797
"1005","5815 S. Cottage Grove",41.7892669,-87.6057629
"1006","5815 S. Ellis ",41.7889119,-87.6009446
"1007","5815 S. Greenwood ",41.7932161,-87.5998069
"1008","5816 S. Kenwood ",41.7896169,-87.5931758
"1009","5816 S. Maryland ",41.7888793,-87.6049986
"1010","5821 S. Drexel ",41.7895463,-87.6036965
"1011","5824 S. Ellis ",41.7889824,-87.6012414
"1012","5825 S. Dorchester ",41.7888297,-87.5912526
"1013","5825 S. Kimbark ",41.7885286,-87.5947744
"1014","5827 S. University ",41.7889606,-87.5979197
"1015","5828 S. University",41.7889561,-87.5982904
"1016","5830 S. Ellis",41.7889746,-87.6012414
"1017","5835 S. Cottage Grove ",41.7889409,-87.6060335
"1018","5835 S. Kimbark",41.7886075,-87.5937902
"1019","5836 S. Greenwood",41.7932161,-87.5998069
"1020","5839 S. Maryland",41.7885151,-87.6040574
"1021","5841 S. Maryland",41.7883128,-87.6045656
"1022","5850 S. Dorchester ",41.7895485,-87.5915515
"1023","5850 S. Kenwood",41.7885418,-87.5970458
"1024","5850 S. Maryland ",41.7883413,-87.6049605
"1025","5855 S. Cottage Grove",41.7886807,-87.6057506
"1026","5855 S. University",41.7880764,-87.5977361
"1027","5858 S. Dorchester ",41.7895312,-87.5915512
"1028","58th & Cottage Grove ",41.7895033,-87.6061134
"1029","58th & Drexel",41.7895289,-87.603697
"1030","58th & Ellis",41.7895621,-87.601259
"1031","58th near Dorchester",41.7896587,-87.5915533
"1032","5900 S. Blackstone ",41.7879447,-87.5901755
"1033","5900 S. Ellis ",41.7872877,-87.6012187
"1034","5900 S. Kimbark ",41.7884123,-87.5947696
"1035","5900 S. Maryland ",41.7883413,-87.6049605
"1036","5900 S. University",41.7878552,-87.5980149
"1037","5900 S. University ",41.7878552,-87.5980149
"1038","5900 S. Woodlawn ",41.7878702,-87.5963772
"1039","5901 S. Cottage Grove ",41.7876384,-87.6060609
"1040","5917 S. Cottage Grove",41.7872679,-87.6060507
"1041","5932 S.  Woodlawn ",41.7878702,-87.5963772
"1042","5951 S. Ellis ",41.7864468,-87.6011959
"1043","59th & Blackstone",41.7878526,-87.5901739
"1044","59th & Stony Island",41.7878828,-87.5866355
"1045","59th & University",41.787767,-87.5980148
"1046","59th at University",41.787767,-87.5980148
"1047","59th St. near University",41.787767,-87.5980148
"1048","6000 S. Stony Island ",41.7857879,-87.586997
"1049","6000 S. University",41.7859296,-87.5979403
"1050","6010 S. Dorchester",41.7864697,-87.5914841
"1051","6014 S. Stony Island ",41.7861252,-87.5865879
"1052","6020 S, Drexel ",41.7854307,-87.6047641
"1053","6020 S. University",41.7851713,-87.598073
"1054","6020 S. University ",41.7851713,-87.598073
"1055","6021 S. Cottage Grove ",41.7851479,-87.6055427
"1056","6025 S. Ellis",41.7853228,-87.6006607
"1057","6027 S. Ingleside ",41.785503,-87.6025316
"1058","6030 S. Ellis",41.7848153,-87.6015981
"1059","6030 S. Kimbark ",41.785019,-87.595094
"1060","6031  S. Ellis ",41.7850698,-87.6003337
"1061","6035 S. Ellis ",41.7854776,-87.60117
"1062","6035 S. Harper ",41.784804,-87.5878127
"1063","6035 S. Kimbark",41.7851523,-87.5941115
"1064","6040 S. Ellis ",41.784758,-87.6015693
"1065","6040 S. University ",41.7850671,-87.598144
"1066","6041 S. Blackstone ",41.7837227,-87.590271
"1067","6049 S. Dorchester",41.7861664,-87.591481
"1068","6050 S. University ",41.7850154,-87.5981431
"1069","6050 S. Woodlawn",41.7844897,-87.5967102
"1070","6052 S. Kenwood ",41.7843541,-87.5935113
"1071","6054 S. Ellis ",41.7846774,-87.6015676
"1072","6055 S. Kimbark ",41.7853908,-87.5946936
"1073","6059 S. Woodlawn ",41.7843249,-87.5958458
"1074","6060 S. Woodlawn ",41.7843826,-87.5967083
"1075","6069 S. Kimbark ",41.7852334,-87.5941963
"1076","60th & Drexel",41.7858787,-87.6044278
"1077","60th & Ellis ",41.7859081,-87.6011825
"1078","60th at Ellis",41.7859081,-87.6011825
"1079","6100 S. Drexel",41.7840675,-87.6043861
"1080","6100 S. Drexel ",41.7840675,-87.6043861
"1081","6100 S. Ellis",41.7840817,-87.6011369
"1082","6100 S. Evans ",41.7838759,-87.6074788
"1083","6100 S. Ingleside ",41.7839183,-87.6031019
"1084","6100 S. Kenwood ",41.784017,-87.596716
"1085","6100 S. University ",41.783983,-87.5981345
"1086","6100 S. Woodlawn",41.784017,-87.596716
"1087","6100 S. Woodlawn ",41.784017,-87.596716
"1088","6101 S. Cottage Grove ",41.7838939,-87.60559
"1089","6101 S. Woodlawn",41.7839492,-87.5958769
"1090","6105 S. Cottage Grove",41.7837861,-87.6056024
"1091","6109 S. Evans",41.7837009,-87.6069315
"1092","6117 S. Kimbark ",41.783623,-87.594255
"1093","6120 S. Ellis ",41.7833723,-87.6013954
"1094","6122 S. Greenwood",41.7834127,-87.5997373
"1095","6125 S. Drexel",41.7832599,-87.6040371
"1096","6128 S. Kenwood",41.78332,-87.593564
"1097","6129 S. Cottage Grove",41.783027,-87.6056232
"1098","6130 S. Blackstone",41.7832785,-87.59025
"1099","6132 S. Ellis",41.7831089,-87.6013859
"1100","6140 S. Drexel",41.7826677,-87.6048676
"1101","6141 S. Kimbark",41.78295,-87.5943458
"1102","6144 S. University ",41.782813,-87.598337
"1103","6147 S. Kimbark",41.782792,-87.5945178
"1104","6149 S. Drexel",41.7826505,-87.6040276
"1105","6151 S. Woodlawn",41.7827559,-87.5959099
"1106","6153 S. Greenwood",41.7825195,-87.5992023
"1107","6158 S. Greenwood ",41.782473,-87.599959
"1108","61st & Dorchester",41.7841961,-87.5914206
"1109","61st & Ellis",41.7841001,-87.6011372
"1110","61st & Woodlawn",41.7841356,-87.5963001
"1111","61st and Kimbark",41.7841575,-87.5947328
"1112","6200 S, Drexel ",41.7819343,-87.604879
"1113","6200 S. Cottage Grove",41.781509,-87.606322
"1114","6200 S. Drexel ",41.7819343,-87.604879
"1115","6200 S. Ellis ",41.782064,-87.601567
"1116","6200 S. Ingleside ",41.7819596,-87.6031268
"1117","6202 S. Kimbark",41.7821318,-87.5951464
"1118","6210 S. Kenwood",41.7818454,-87.593426
"1119","6213 S. University",41.7819087,-87.597598
"1120","6216 S. Ellis",41.7817489,-87.6013487
"1121","6220 S. Kenwood",41.7816721,-87.5934277
"1122","6225 S. Kenwood ",41.781552,-87.592583
"1123","6229 S. Ellis",41.7813752,-87.600813
"1124","6231 S. Kimbark ",41.7814606,-87.5942907
"1125","6240 S. Kimbark",41.781123,-87.595115
"1126","6243 S. Drexel ",41.7809927,-87.6039586
"1127","6245 S. Ingleside ",41.7809612,-87.6023422
"1128","6257 S. Kenwood ",41.7809431,-87.5926379
"1129","62nd & Ellis ",41.782262,-87.6011114
"1130","62nd & Evans",41.7821966,-87.607237
"1131","62nd & Kimbark",41.7823388,-87.5946903
"1132","62nd & University",41.7823142,-87.5978785
"1133","62nd at Kimbark ",41.7823388,-87.5946903
"1134","6300 S. Blackstone ",41.7805545,-87.5890221
"1135","6300 S. Cottage Grove ",41.780183,-87.606348
"1136","6300 S. Dorchester",41.7805364,-87.5915089
"1137","6300 S. Dorchester ",41.7805364,-87.5915089
"1138","6300 S. Drexel",41.780214,-87.603217
"1139","6300 S. Greenwood",41.780249,-87.599576
"1140","6300 S. Greenwood ",41.780249,-87.599576
"1141","6300 S. Maryland",41.7804132,-87.6046652
"1142","6300 S. Stony Island",41.7804968,-87.5865529
"1143","6300 S. University",41.7804242,-87.5972999
"1144","6300 S. Woodlawn ",41.7802796,-87.5964954
"1145","6320 S. Dorchester",41.7793468,-87.5922605
"1146","6320 S. Dorchester ",41.7793468,-87.5922605
"1147","6320 S. Drexel",41.7797674,-87.6031412
"1148","6330 S. Drexel ",41.780008,-87.603229
"1149","6344 S. Greenwood ",41.7791567,-87.5994609
"1150","6345 S. Greenwood",41.779123,-87.5987718
"1151","6349 S. Cottage Grove ",41.7790677,-87.6054463
"1152","6350 S. Greenwood",41.7789916,-87.5994567
"1153","6354 S. Greenwood ",41.7788466,-87.5994856
"1154","6357 S. Greenwood",41.77884,-87.5987043
"1155","63rd & Kenwood",41.7805355,-87.5930512
"1156","63rd & Stony Island",41.7806003,-87.5864564
"1157","6400 S. Dorchester",41.7784487,-87.5916741
"1158","6400 S. Woodlawn",41.7782975,-87.5964285
"1159","6411 S. Greenwood",41.7782495,-87.5987911
"1160","6420 S. Ellis",41.7778424,-87.6006897
"1161","6448 S. Drexel",41.7771789,-87.6031092
"1162","6450 S. Stony Island",41.7773142,-87.5866483
"1163","707 E. 37th St. ",NA,NA
"1164","750 E. 62nd St.",41.7824402,-87.6065361
"1165","7800 S. Stony Island ",NA,NA
"1166","79th & Stony Island ",NA,NA
"1167","800 E. 57th St. ",41.791314,-87.6061478
"1168","801 E. 58th St. ",41.7885954,-87.6054671
"1169","801 E. 63rd St. ",41.7803214,-87.6057385
"1170","804 E. 54th St.",41.7969035,-87.6059012
"1171","805 E. Midway Pl.",41.7864747,-87.5989062
"1172","808 E. 61st St.",41.784609,-87.605532
"1173","810 E. Hyde Park",41.8026246,-87.605874
"1174","811 E. 54th St. ",41.7965611,-87.6058778
"1175","815 E. 54th St.",41.7966493,-87.6054409
"1176","815 E. 56th St.",41.7931441,-87.60611
"1177","815 E. 59th St. ",41.7878419,-87.5914952
"1178","817 E. 61st St.",41.7839026,-87.6053947
"1179","817 E. 63rd St.",41.780162,-87.604919
"1180","818 E. 45th St. ",41.8133474,-87.6056727
"1181","820 E. 46th St. ",41.8116037,-87.6056809
"1182","820 E. 50th St.",41.8040748,-87.6058247
"1183","820 E. Midway Pl.",41.7864747,-87.5989062
"1184","821 E. 55th St.",41.7949629,-87.6056934
"1185","823 E. 53rd St.",41.798424,-87.605459
"1186","825 E. 52nd St.",41.8000311,-87.6051376
"1187","825 E. 52nd St. ",41.8000311,-87.6051376
"1188","825 E. 55th St.",41.7949652,-87.6056202
"1189","825 E. 62nd St. ",41.7822261,-87.6055625
"1190","826 E. 44th St. ",41.8151964,-87.605427
"1191","830 E. 59th St. ",41.7877444,-87.6054096
"1192","831 E. 46th St. ",41.81107,-87.605398
"1193","832 E. 59th St. ",41.7877445,-87.6053697
"1194","832 E. Midway Pl.",41.7864747,-87.5989062
"1195","834 E. 50th St.",41.8043858,-87.6054463
"1196","834 E. 53rd St.",41.7988963,-87.6047133
"1197","836 E. 63rd St.",41.7802733,-87.6176514
"1198","841 E. 46th St.",41.8109942,-87.6053261
"1199","842 E. 53rd St. ",41.7988712,-87.6045372
"1200","846 E. 56th St. ",41.793376,-87.6052798
"1201","848 E. 56th St. ",41.793376,-87.6052199
"1202","850 E. 56th St.",41.7933761,-87.60516
"1203","850 E. 61st St ",41.7846191,-87.6052002
"1204","860 E. 59th St.",41.7878852,-87.6041299
"1205","860 E. 61st St. ",41.7846215,-87.6050337
"1206","860 E. Midway Pl.",41.7864747,-87.5989062
"1207","865 E. 57th St. ",41.7913526,-87.6043331
"1208","865 E. 61st St.",41.7839108,-87.6048228
"1209","900 E.  57th St. ",41.7916469,-87.6034081
"1210","900 E. 55th St.",41.7953429,-87.6037872
"1211","900 E. 57th St.",41.7916469,-87.6034081
"1212","900 E. 59th St. ",41.7877076,-87.6034749
"1213","900 E. 60th St.",41.7858886,-87.6034825
"1214","900 E. Midway Pl. ",41.7864747,-87.5989062
"1215","901 E. Midway Pl.",41.7864747,-87.5989062
"1216","901 E.58th St. ",41.7895211,-87.6042491
"1217","901q E. 58th St. ",41.7895211,-87.6042491
"1218","902 E. 58th St. ",41.7895293,-87.6036274
"1219","905 E. 56th St. ",41.7930384,-87.6035526
"1220","910 E. 58th St.",41.7899301,-87.6033832
"1221","912 E. 55th Dr.",41.795339,-87.596178
"1222","915 E. 60th St.",41.7850467,-87.6034787
"1223","915 E. 61st St.",41.7839373,-87.6036816
"1224","915 E. 63rd St. ",41.7802432,-87.6022056
"1225","915 E. Midway Pl.",41.7864747,-87.5989062
"1226","919 E. 50th St.",41.8038798,-87.6029976
"1227","920 E. 59th St. ",41.7879565,-87.6032073
"1228","920 E. 61st St. ",41.7842143,-87.6034302
"1229","921 E. 54th Pl. ",41.7962757,-87.6029731
"1230","922 E. 61st St.",41.7842298,-87.6034357
"1231","923 E. 45th St.",41.8126196,-87.6028422
"1232","924 E. 56th St. ",41.793204,-87.602639
"1233","924 E. 58th St. ",41.7895331,-87.6029714
"1234","926 E. 61st St. ",41.7842203,-87.6032739
"1235","929 E, 57th St. ",41.7911308,-87.6027497
"1236","929 E. 57th St.",41.7911308,-87.6027497
"1237","929 E. 57th St. Gordon Center ",41.7911308,-87.6027497
"1238","929 E. 60th St. ",41.785794,-87.6032758
"1239","930 E. 46th St.",41.8117469,-87.60283
"1240","930 E. 55th St. ",41.795472,-87.6024626
"1241","935 E. 54th Pl.",41.7962562,-87.602367
"1242","935 E. 60th St.",41.7856304,-87.6031434
"1243","935 E. Midway Pl.",41.7864747,-87.5989062
"1244","936 E. 54th St. ",41.7985756,-87.6023599
"1245","939 E. 45th St. ",41.8128931,-87.602475
"1246","940 E. 57th St.",41.7915946,-87.6022845
"1247","9400 Southwest Hwy. Oak Lawn, IL",NA,NA
"1248","941 E. 54th St.",41.7977642,-87.6025255
"1249","943 E. 58th St.",41.7895314,-87.6032692
"1250","945 E. 57th St. ",41.7913723,-87.6014218
"1251","950 E. 53rd St.",41.7997408,-87.6023443
"1252","950 E. 58th St. ",41.7895362,-87.6024404
"1253","950 E. 59th St.",41.7878636,-87.6021173
"1254","950 E. Hyde Park ",41.8025372,-87.6018067
"1255","950 E. Midway Pl.",41.7864747,-87.5989062
"1256","951 E. Midway Pl.",41.7864747,-87.5989062
"1257","955 E. 62nd St. ",41.7821551,-87.6016318
"1258","959 E. 61st St.",41.7839352,-87.6023214
"1259","961 E. 54th Pl.",41.7962657,-87.6015927
"1260","961 E. 58th St. ",41.7895358,-87.6024809
"1261","968 E. 60th St.",41.7859024,-87.6020292
"1262","969 E. 57th St. ",41.7913729,-87.601369
"1263","970 E, 58th St. ",41.7897444,-87.6015497
"1264","970 E. 59th St. ",41.7879061,-87.6014669
"1265","970 E. 60th St.",41.7859027,-87.6019739
"1266","Area 64th & Minerva",41.7788967,-87.5966932
"1267","Area of 60th & Dorchester",41.7860778,-87.5914801
"1268","Blackstone at 59th",41.7878526,-87.5901739
"1269","Blackstone near 53rd",41.7995027,-87.5904508
"1270","Blackstone near 54th",41.7980425,-87.5904012
"1271","BSD ",NA,NA
"1272","Burton-Judson RH",41.785506,-87.600405
"1273","Dan Ryan Exp. at 83rd St..",NA,NA
"1274","Dorchester at 62nd",41.7823714,-87.5913861
"1275","E. 50th St. near Cornell",41.8043425,-87.5864888
"1276","Ellis at Midway Pl.",41.787163,-87.601216
"1277","Ellis near 62nd",41.782262,-87.6011114
"1278","Ellis near 62nd St.",41.782262,-87.6011114
"1279","Hammond, IN",NA,NA
"1280","Hyde Park & Dorchester",41.793602,-87.592144
"1281","Hyde Park & Ingleside",41.8022896,-87.6029024
"1282","Hyde Park at 56th",41.7934045,-87.5839049
"1283","Interstate 290 - Oak Park, IL",NA,NA
"1284","Joliet, IL",NA,NA
"1285","Kenwood at 52nd St.",41.8009483,-87.5934349
"1286","Kenwood near 58th St.",41.7896418,-87.5931762
"1287","Kimbark at 60th St.",41.7860424,-87.594714
"1288","Kimbark at 63rd St.",41.7805191,-87.5946307
"1289","Max Palevsky Residence Hall",41.7930128,-87.5998245
"1290","Max Palevsky RH",41.7930128,-87.5998245
"1291","Metra Train",NA,NA
"1292","Midway Pl. at Ellis",41.787163,-87.601216
"1293","Midway Pl. at University",41.7868907,-87.593919
"1294","Off-Campus private apartment",NA,NA
"1295","Off-Campus Private Apartment",NA,NA
"1296","Out of Area",NA,NA
"1297","S. Woodlawn at 47th St,",41.8096279,-87.5968462
"1298","Starbucks 865 E. 57th St.",41.7911902,-87.6040112
"1299","State St. & Roosevelt Rd.",NA,NA
"1300","Unknown Location",NA,NA
"1301","Various Areas on Campus",NA,NA
"1302","Various locations within UCPD Patrol Area",NA,NA
"1303","Woodlawn at 52nd",41.8008943,-87.5966802
"1304","Woodlawn at 52nd St.",41.8008943,-87.5966802
"1305","Ellis between 54th & 55th",41.7964645,-87.60130105
"1306","Greenwood between 53rd & 54th",41.7986738,-87.59972595
"1307","Woodlawn between 54th & 55th",41.7957915,-87.59656145
"1308","Ellis between 61st & 62nd",41.78318105,-87.6011243
"1309","Kimbark between 57th & 58th",41.7905318,-87.5948216
"1310","Woodlawn between 52nd & 53rd",41.80016875,-87.5966618
"1311","Drexel between 52nd & 53rd",41.7999158,-87.60393095
"1312","Drexel between 53rd & 54th",41.79809585,-87.6038889
"1313","University between 61st & 62nd",41.7832162,-87.5978927
"1314","Greenwood between 54th & 55th",41.79648045,-87.5997388
"1315","Hyde Park between 55th & 56th",41.79429875,-87.58355645
"1316","Kimbark between 53rd & 54th",41.7987242,-87.59500705
"1317","Kimbark between 61st & 62nd",41.78324815,-87.59471155
"1318","Blackstone between 57th & 58th",41.79056575,-87.5902304
"1319","Dorchester between 56th & 57th",41.79239705,-87.5916257
"1320","Everett between 55th & 56th",41.79433205,-87.5823004
"1321","Harper between 57th & 58th",41.7915067,-87.5890224
"1322","Ingleside between 51st & 52nd",41.80126285,-87.6027089
"1323","Ingleside between 52nd & 53rd",41.8001049,-87.60285045
"1324","Kenwood between 57th & 58th",41.79055175,-87.59319895
"1325","Kimbark between 51st & 52nd",41.8014219,-87.59487185
"1326","Kimbark between 55th & 56th",41.7941993,-87.5949026
"1327","University between 56th & 57th",41.7923176,-87.59810195
"1328","Woodlawn between 53rd & 54th",41.79798305,-87.59660465
"1329","Woodlawn between 61st & 62nd",41.78323265,-87.5962708
"1330","Blackstone between 54th & 55th",41.79677455,-87.59037525
"1331","Blackstone between 58th & 59th",41.78874435,-87.59018885
"1332","Cornell between 53rd & 54th",41.7988363,-87.5854988
"1333","Cornell between 54th & 55th",41.79664175,-87.58545175
"1334","Drexel between 54th & 55th",41.79608325,-87.603828
"1335","Greenwood between 61st & 62nd",41.78319795,-87.5995069
"1336","Harper between 54th & 55th",41.79659625,-87.5887464
"1337","Harper between 56th & 57th",41.7924239,-87.58901405
"1338","Harper between 58th & 59th",41.7878722,-87.5891015
"1339","Hyde Park between 54th & 55th",41.79665535,-87.5836122
"1340","Ingleside between 54th & 55th",41.79662385,-87.602749
"1341","Kimbark between 52nd & 53rd",41.8001922,-87.5950389
"1342","Lake Shore Dr. between 50th & 51st",41.80519445,-87.58466985
"1343","Maryland between 53rd & 54th",41.79770155,-87.60509585
"1344","Ridgewood between 54th & 55th",41.7980215,-87.5926051
"1345","University between 54th & 55th",41.79649715,-87.598118
"1346","University between 57th & 58th",41.7901615,-87.59857715
"1347","50th Pl. between Cornell and East End",41.8034014,-87.58595605
"1348","53rd between Maryland & Drexel",41.79899385,-87.6045189
"1349","53rd St. between Woodlawn & Kimbark",41.7994513,-87.59583085
"1350","54th between Woodlawn & Kimbark",41.79725595,-87.59578085
"1351","54th Pl. between University & Woodlawn",41.79651075,-87.59733825
"1352","54th St. between Woodlawn and Kimbark",41.797976,-87.59580245
"1353","57th between Harper & Lake Park",41.7915094,-87.58867095
"1354","61st St. between Greenwood & University",41.78411155,-87.598714
"1355","Cornell between 50th & 51st",41.8032407,-87.586575
"1356","Dorchester between 49th & 50th",41.80513435,-87.5918971
"1357","Dorchester between 62nd & 63rd",41.781463,-87.59144785
"1358","Ellis between 53rd & 54th",41.79865465,-87.60129275
"1359","Greenwood between 51st & 52nd",41.800876,-87.5997718
"1360","Greenwood between 52nd & 53rd",41.80014145,-87.5997577
"1361","Harper between 55th & 56th",41.7942382,-87.58871855
"1362","Hyde Park between Greenwood & University",41.8002984,-87.59883515
"1363","Hyde Park between Kimbark & Kenwood",41.800851,-87.5915997
"1364","Kenwood between 51st & 52nd",41.80521275,-87.59335065
"1365","Kenwood between 56th & 57th",41.79237515,-87.59324325
"1366","Kimbark between 62nd & 63rd",41.78142895,-87.5946605
"1367","Madison Park between Kenwood & Dorchester",41.8028871,-87.59451625
"1368","Stony Island between 57th & 58th",41.7904914,-87.58703435
"1369","University between 61st & 62nd St.",41.7832162,-87.5978927
"1370","Woodlawn between 55th & 56th",41.7941589,-87.596524
"1371","Woodlawn between 56th & 57th",41.7923406,-87.59647085
"1372","Woodlawn between 62nd & 63rd",41.7814216,-87.5962248
"1373","44th St. between Greenwood & University",41.81485495,-87.59876655
"1374","49th St. between Drexel and Ellis",41.8059232,-87.60273375
"1375","49th St. between Ellis and Greenwood",41.80594935,-87.60041585
"1376","50th Pl. between Cornell & East End",41.8034014,-87.58595605
"1377","50th St. between Cornell & East End",41.8043486,-87.58596905
"1378","52nd between Drexel & Ingleside",41.80064615,-87.6034049
"1379","52nd between Ellis & Greenwood",41.80086495,-87.6005552
"1380","52nd between Ingleside and Ellis",41.80084345,-87.60210165
"1381","52nd St. between Cottage Grove & Drexel",41.8004391,-87.6051509
"1382","52nd St. between Drexel and Ellis",41.8006566,-87.60264185
"1383","52nd St. between Greenwood & University",41.80087955,-87.59899435
"1384","52nd St. between Greenwood & University ",41.80087955,-87.59899435
"1385","52nd St. between Kimbark & Kenwood",41.80093665,-87.5942472
"1386","52nd St. between Woodlawn & Kimbark",41.80090965,-87.59586985
"1387","53rd between Blackstone & Harper",41.799513,-87.5897729
"1388","53rd between Cornell & Hyde Park",41.7995887,-87.5847786
"1389","53rd between Kenwood & Dorchester",41.79948645,-87.5921654
"1390","53rd between Woodlawn & Kimbark",41.7994513,-87.59583085
"1391","53rd St between Ellis and Ingleside and Drexel",41.79938315,-87.6020748
"1392","53rd St. between Blackstone & Harper",41.799513,-87.5897729
"1393","53rd St. between Kimbark & Kenwood",41.7994717,-87.59378395
"1394","54th between Cottage and Drexel",41.79680865,-87.6050671
"1395","54th between Ellis and Greenwood",41.79793025,-87.6004902
"1396","54th between Greenwood & University",41.7979457,-87.5989236
"1397","54th between Greenwood and University",41.7979457,-87.5989236
"1398","54th between Harper & Lake Park",41.798073,-87.58810755
"1399","54th between Ingleside & Ellis",41.7979169,-87.60203515
"1400","54th between Kimbark & Kenwood",41.7979996,-87.594222
"1401","54th between University & Woodlawn",41.7972368,-87.5973524
"1402","54th Pl. between Greenwood & University",41.7964906,-87.5988918
"1403","54th Pl. between Ingleside & Ellis",41.79646285,-87.6019986
"1404","54th Pl. between University and Woodlawn",41.79651075,-87.59733825
"1405","54th St. between Dorchester and Blackstone",41.79803645,-87.5910643
"1406","54th St. between Dorchester and Harper",41.7980438,-87.5903944
"1407","54th St. between Hyde Park & Everett",41.7981177,-87.5840164
"1408","54th St. between Hyde Park & Shore Dr.",41.7981378,-87.5831548
"1409","54th St. between University & Woodlawn",41.79795685,-87.597374
"1410","54th St. between Woodlawn & Kimbark",41.797976,-87.59580245
"1411","55th between Dorchester & Harper",41.7953209,-87.5900561
"1412","55th between Harper & Lake Park",41.795134,-87.58801285
"1413","55th between Hyde Park and Everett",41.7953736,-87.5853095
"1414","55th between Kenwood & Dorchester",41.79532135,-87.5925112
"1415","55th between Kimbark & Kenwood",41.79512905,-87.5941315
"1416","55th Pl. between Blackstone & Harper",41.7949533,-87.58937855
"1417","55th St. between Greenwood and University",41.7950319,-87.5989332
"1418","56th between Ellis & University",41.7932125,-87.59973475
"1419","56th between Hyde Park & Everett",41.7934222,-87.58298635
"1420","56th between Hyde Park and Everett",41.7934222,-87.58298635
"1421","56th St. between Kimbark & Kenwood",41.79328265,-87.5940743
"1422","56th St. between Kimbark and Kenwood",41.79328265,-87.5940743
"1423","56th St. between University & Woodlawn",41.7932431,-87.59731055
"1424","57th between Blackstone & Harper",41.79150105,-87.5896397
"1425","57th between Kimbark & Kenwood",41.7914497,-87.59403305
"1426","57th between University & Woodlawn",41.7914151,-87.59726225
"1427","57th St. between Dorchester & Blackstone",41.7914892,-87.5909303
"1428","58th between Kenwood & Dorchester",41.78965025,-87.59236475
"1429","6100 Blocks between Greenwood and Kimbark",NA,NA
"1430","61st between University & Woodlawn",41.7841269,-87.5971035
"1431","61st between Woodlawn & Kimbark",41.78414655,-87.59551645
"1432","62nd between Ellis & Greenwood",41.7822765,-87.60030205
"1433","62nd St. between Kimbark & Kenwood",41.7823475,-87.5938946
"1434","65th St. between Harper and Stony Island",41.7765685,-87.59433555
"1435","Between 1100 E. 57th St. to 5801 S. Ellis",41.791969,-87.600869
"1436","Between 915 E. 60th St. & 6031 S. Ellis",41.78505825,-87.6019062
"1437","Between 970 E. 58th St. and 1100 E. 57th St.",41.79097805,-87.60056115
"1438","Blackstone between 51st & 52nd",41.8008638,-87.59073285
"1439","Blackstone between 52nd & 53rd",41.80023965,-87.59045975
"1440","Blackstone between 53rd & 54th",41.7987726,-87.590426
"1441","Blackstone between 55th & 56th",41.79441525,-87.5903211
"1442","Blackstone between 56th & 57th",41.79240965,-87.59027495
"1443","Cornell between 52nd & 53rd",41.7995757,-87.5855107
"1444","Cottage Grove between 53rd & 54th",41.7977102,-87.60629015
"1445","Cottage Grove between 54th & 55th",41.7958761,-87.60625445
"1446","Cottage Grove between 62nd & 63rd",41.7813095,-87.6059422
"1447","Dorchester between 51st & 52nd",41.8009436,-87.5894921
"1448","Dorchester between 51st & 53rd",41.8002052,-87.5894816
"1449","Dorchester between 53rd & 54th",41.79801925,-87.5917459
"1450","Dorchester between 54th & 55th",41.79602805,-87.5916957
"1451","Dorchester between 61st & 62nd",41.78328375,-87.59140335
"1452","Drexel between 43rd & 44th ",41.81592555,-87.60449635
"1453","Drexel between 50th & 51st",41.80318955,-87.60399035
"1454","Drexel between 51st & 52nd",41.80137085,-87.6040597
"1455","Drexel between 53rd & 54th ",41.79809585,-87.6038889
"1456","Drexel between 61st & 62nd St.",41.78315505,-87.6043689
"1457","Ellis between 51st & 52nd",41.80161025,-87.6016092
"1458","Ellis between 58th & 55th",41.79228565,-87.6012945
"1459","Ellis between 61st and 62nd",41.78318105,-87.6011243
"1460","Ellis between 62nd & 63rd",41.78135895,-87.60108995
"1461","Ellis between 63rd & 64th",41.7804559,-87.6010685
"1462","Greenwood between  54th & 55th",41.79648045,-87.5997388
"1463","Greenwood between 48th & 49th",41.8068755,-87.59922015
"1464","Greenwood between 54th & 55th ",41.79648045,-87.5997388
"1465","Greenwood between 61st & 62nd ",41.78319795,-87.5995069
"1466","Harper between 52nd & 53rd",41.80026195,-87.5891051
"1467","Harper between 52nd and 53rd",41.80026195,-87.5891051
"1468","Harper between 53rd & 54th",41.79879025,-87.5890782
"1469","Harper between 54th & 55th ",41.79659625,-87.5887464
"1470","Harper between 54th & 55th St.",41.79659625,-87.5887464
"1471","Harper between 60th & 61st",41.7925546,-87.58864205
"1472","Harper Ct. between 52nd & 53rd",41.79977975,-87.58817345
"1473","Harper Ct. between Harper & Lake Park",41.8002625,-87.58803945
"1474","Hyde Park between  Ingleside & Ellis",41.7914765,-87.6019973
"1475","Hyde Park between 52nd and 53rd",41.8000305,-87.5939958
"1476","Hyde Park between 53rd & 54th",41.7988597,-87.58403145
"1477","Hyde Park between 54th & 55th St.",41.79665535,-87.5836122
"1478","Hyde Park between Kenwood & Dorchester",41.7964634,-87.5901283
"1479","Hyde Park between Kenwood and Dorchester",41.7964634,-87.5901283
"1480","Hyde Park between University & Woodlawn",41.7939985,-87.59465995
"1481","Hyde Park between Woodlawn and Kimbark",41.79401775,-87.59307195
"1482","Ingleside between 60th & 61st",41.78499045,-87.60278745
"1483","Ingleside between 61st & 62nd",41.78282325,-87.6029731
"1484","Ingleside between 61st& 62nd",41.78282325,-87.6029731
"1485","Ingleside between 62nd & 63rd ",41.78099995,-87.60292615
"1486","Kenwood between 48th & 49th",41.8069323,-87.59355535
"1487","Kenwood between 48th & 49th ",41.8069323,-87.59355535
"1488","Kenwood between 52nd & 53rd",41.80021615,-87.59299225
"1489","Kenwood between 54th & 55th",41.7965732,-87.5933949
"1490","Kenwood between 55th & 56th",41.7942124,-87.5933032
"1491","Kenwood between 57th& 58th",41.79055175,-87.59319895
"1492","Kenwood between 61st & 62nd",41.7832672,-87.59310135
"1493","Kimbark Between 53rd & 54th",41.7987242,-87.59500705
"1494","Kimbark between 53rd and 54th",41.7987242,-87.59500705
"1495","Kimbark between 54th & 55th",41.79655545,-87.5949586
"1496","Kimbark between 55th & 56th ",41.7941993,-87.5949026
"1497","Kimbark between 61st and 62nd",41.78324815,-87.59471155
"1498","Lake Park between 52nd & 53rd",41.80027885,-87.5873819
"1499","Lake Park between 54th & 55th",41.79661075,-87.587374
"1500","Madison Park between Kimbark and Kenwood",41.8028871,-87.59451625
"1501","Madison Park between Woodlawn & Dorchester",41.8028871,-87.59451625
"1502","Maryland between 56th & 57th",41.79224625,-87.60495925
"1503","Oakenwald between 45th & 46th",NA,NA
"1504","Park Pl. between Blackstone & Harper",41.7942434,-87.5884084
"1505","Park Pl. between Kenwood and Dorchester",41.7944572,-87.592473
"1506","Stony Island between 56th & 57th",41.792452,-87.58667225
"1507","University between 51st & 52nd",41.7947455,-87.5984651
"1508","University between 52nd & 53rd",41.80015145,-87.5982035
"1509","University between 53rd & 54th",41.79868525,-87.5981645
"1510","University between 55th & 56th",41.79413605,-87.5981136
"1511","University between 55th & 56th St.",41.79413605,-87.5981136
"1512","University between 62nd & 63rd",41.78140695,-87.5975666
"1513","Woodlawn between 47th & 48th ",41.8087168,-87.59682855
"1514","Woodlawn between 50th & 51st",41.8032239,-87.5965969
"1515","Woodlawn between 50th & 51st St.",41.80340015,-87.61171975
"1516","Woodlawn between 54th & 55th ",41.7957915,-87.59656145
"1517","Woodlawn between 55th &56th",41.7941589,-87.596524
"1518","6054 S. Drexel / Parking Structure",41.7846534,-87.6048595
"1519","1005 E. 60th St. to 6031 S. Ellis",41.78523515,-87.600311
"1520","1100 E. 57th St. to 5050 S. Lake Shore",41.79773435,-87.59220685
"1521","1100 E. 57th St. to 5655 S. University",41.79195715,-87.5986811
"1522","1100 E. 57th St. to 5709 S. University",41.79179315,-87.5988231
"1523","1118  E. 58th St. to 5807 S. Woodlawn",41.7893495,-87.59835705
"1524","1118 E. 58th to 6031 S. Ellis",41.78731595,-87.60079635
"1525","1155 E. 58th St. to 55th & Lake Park",41.7921872,-87.5925424
"1526","1362 E. 59th St. to 1526 E. 55th St.",41.79210925,-87.59124325
"1527","4900 S. East End / Public Way)",41.8057607,-87.5864603
"1528","5100 S. East End to 1111 E. 60th St. ",41.7938499,-87.5919728
"1529","53rd St. to 1414 E. 59th St.",41.79381035,-87.59745035
"1530","5487-91 S. Hyde Park / Fraternity House",41.7955722,-87.5838272
"1531","54th to 56th University",41.7979069,-87.6038879
"1532","5500 S. Lake Park / Unknown Location",41.7950649,-87.5878062
"1533","5500 S. University to 5630 S. University",41.793809,-87.5980113
"1534","5500 S. University to 5811 S. Ellis",41.79189515,-87.599262
"1535","5530 S. Ellis to 56th & University",41.79385125,-87.59987925
"1536","55th & Cornell to 57th & Woodlawn",41.79330505,-87.59093365
"1537","55th & Ellis to 51st & University",41.79180855,-87.60002165
"1538","55th & Ellis to 53rd & Woodlawn",41.7972262,-87.5989867
"1539","55th & Hyde Park to 57th & Ellis",41.79344835,-87.5946939
"1540","55th & Lake Park to 54th & Kenwood",41.79657145,-87.59052125
"1541","55th & Woodlawn to 5521 S. University",41.7947097,-87.59719095
"1542","55th to 56th / University to Woodlawn",41.79413605,-87.5981136
"1543","5640 S. Ellis to 56th & Cornell",41.79283615,-87.59252125
"1544","56th & Cottage Grove to 56th & Ellis",41.79317,-87.6037688
"1545","5730 S. Ellis to 5900 S. Ellis",41.78875635,-87.60188735
"1546","57th & Ellis to 54th & Ingleside",41.79464385,-87.60205
"1547","57th & Ellis to 55th & South Shore Dr.",41.7933055,-87.59106995
"1548","57th & Ellis to 61st & University",41.78774595,-87.59960435
"1549","57th & Stony Island to 5811 S. Ellis",41.79024895,-87.5938243
"1550","57th & University to 60th & Kimbark",41.78872455,-87.5963939
"1551","58th & Ellis to 60th & Ellis",41.7877351,-87.60122075
"1552","6031 S. Ellis to 1307 E. 60th",41.78538445,-87.5971353
"1553","60th & Drexel to 61st & Kimbark",41.7850181,-87.5995803
"1554","60th & Ellis to 55th& Hyde Park ",41.79071555,-87.59463425
"1555","61-63 Cottage Grove to Woodlawn",41.780228,-87.5939087
"1556","61st & Ellis to 1414 E. 59th St.",41.78617425,-87.59606055
"1557","61st & Kenwood to 5815 S. Maryland",41.7866949,-87.598585
"1558","Lake Park / 48th to 49th",41.80687455,-87.58989445
"1559","UC Campus / Max Palevsky Residence Hall",41.7930128,-87.5998245
"1560","UC Campus / Student Housing Facility",NA,NA
